promise_error_days,n_orders
-147,1
-140,1
-135,1
-124,1
-109,1
-84,1
-83,1
-78,3
-77,1
-75,2
-73,2
-71,2
-69,3
-68,1
-67,1
-66,1
-65,1
-64,2
-63,1
-62,2
-61,2
-60,2
-59,1
-58,2
-57,2
-56,9
-55,6
-54,7
-53,6
-52,8
-51,6
-50,15
-49,19
-48,22
-47,20
-46,17
-45,26
-44,28
-43,43
-42,67
-41,69
-40,55
-39,55
-38,93
-37,85
-36,161
-35,241
-34,238
-33,254
-32,265
-31,300
-30,369
-29,486
-28,748
-27,815
-26,790
-25,910
-24,1063
-23,1257
-22,1841
-21,2808
-20,2958
-19,2712
-18,3127
-17,3411
-16,3901
-15,5344
-14,7124
-13,5960
-12,4556
-11,4616
-10,4646
-9,4626
-8,4825
-7,4836
-6,3624
-5,2219
-4,1917
-3,1728
-2,1550
-1,1461
0,1291
1,824
2,545
3,500
4,453
5,447
6,419
7,483
8,336
9,227
10,207
11,181
12,160
13,196
14,171
15,159
16,98
17,89
18,76
19,77
20,89
21,80
22,67
23,37
24,53
25,39
26,33
27,40
28,47
29,39
30,15
31,26
32,18
33,20
34,11
35,25
36,15
37,9
38,10
39,6
40,10
41,14
42,10
43,8
44,3
45,7
46,6
47,6
48,8
49,11
50,7
51,5
52,4
53,2
54,4
55,4
56,4
57,2
58,4
59,1
60,5
63,2
65,3
66,2
67,1
68,2
69,1
70,2
72,1
73,2
74,2
75,1
76,1
77,2
78,2
79,1
80,1
81,2
82,1
83,1
85,1
88,1
91,1
94,1
96,4
97,1
100,1
104,5
105,1
106,1
109,2
110,1
111,1
112,1
119,1
121,1
123,1
126,1
132,2
134,2
137,1
138,1
143,1
144,1
152,1
153,2
155,2
159,1
161,2
162,1
165,1
166,1
167,1
175,1
181,1
188,1
