purchase_month,n_orders,delivered_on_time,delivered_late,cancelled_unavailable,open_past_promise,open_not_yet_due,delivered_status_no_date,delivered_on_time_share,delivered_late_share,cancelled_unavailable_share,open_past_promise_share,open_not_yet_due_share,delivered_status_no_date_share
2017-01-01,800,728,22,13,37,0,0,0.91,0.0275,0.01625,0.04625,0.0,0.0
2017-02-01,1780,1604,49,62,65,0,0,0.9011235955056179,0.02752808988764045,0.0348314606741573,0.03651685393258427,0.0,0.0
2017-03-01,2682,2430,116,65,71,0,0,0.9060402684563759,0.04325130499627144,0.024235645041014168,0.02647278150633855,0.0,0.0
2017-04-01,2404,2152,151,27,74,0,0,0.8951747088186356,0.06281198003327787,0.011231281198003328,0.030782029950083195,0.0,0.0
2017-05-01,3700,3439,106,60,94,0,1,0.9294594594594595,0.028648648648648647,0.016216216216216217,0.025405405405405406,0.0,0.0002702702702702703
2017-06-01,3245,3040,95,40,70,0,0,0.9368258859784283,0.029275808936825885,0.012326656394453005,0.02157164869029276,0.0,0.0
2017-07-01,4026,3764,108,80,74,0,0,0.934923000496771,0.026825633383010434,0.01987083954297069,0.01838052657724789,0.0,0.0
2017-08-01,4331,4071,122,59,79,0,0,0.9399676749018703,0.028169014084507043,0.01362271992611406,0.018240591087508657,0.0,0.0
2017-09-01,4285,3968,182,58,77,0,0,0.9260210035005835,0.04247374562427071,0.01353558926487748,0.01796966161026838,0.0,0.0
2017-10-01,4631,4291,187,84,69,0,0,0.926581731807385,0.040380047505938245,0.01813863096523429,0.014899589721442452,0.0,0.0
2017-11-01,7544,6384,904,121,134,0,1,0.8462354188759279,0.11983032873807,0.016039236479321314,0.017762460233297986,0.0,0.0001325556733828208
2017-12-01,5673,5102,411,53,107,0,0,0.8993477877666138,0.07244843997884717,0.00934249955931606,0.018861272695222985,0.0,0.0
2018-01-01,7269,6666,403,82,118,0,0,0.917044985555097,0.05544091346815243,0.011280781400467739,0.016233319576282844,0.0,0.0
2018-02-01,6728,5629,926,103,70,0,0,0.8366527942925089,0.13763376932223542,0.015309155766944114,0.010404280618311534,0.0,0.0
2018-03-01,7211,5675,1328,43,165,0,0,0.7869920954097906,0.18416308417695187,0.005963111912356122,0.0228817085009014,0.0,0.0
2018-04-01,6939,6492,306,20,121,0,0,0.93558149589278,0.04409857328145266,0.002882259691598213,0.017437671134169188,0.0,0.0
2018-05-01,6873,6306,443,40,84,0,0,0.9175032736796159,0.06445511421504438,0.005819874872690237,0.012221737232649499,0.0,0.0
2018-06-01,6167,6025,71,22,46,0,3,0.9769742176098589,0.011512891195070537,0.0035673747365007297,0.0074590562672287985,0.0,0.0004864601913410086
2018-07-01,6292,5948,208,59,74,0,3,0.9453273998728544,0.03305785123966942,0.009376986649713922,0.011760966306420852,0.0,0.00047679593134138587
2018-08-01,6512,5958,393,91,70,0,0,0.9149262899262899,0.06035012285012285,0.013974201474201474,0.01074938574938575,0.0,0.0
