purchase_month,n_delivered,n_late,n_severe,n_late_exact,lead_median,lead_p90,lead_p95,promised_lead_median,promise_error_median,late_rate,late_rate_lo,late_rate_hi,severe_rate,severe_rate_lo,severe_rate_hi,late_exact_rate,mature_30d,mature_60d,volume_rank,high_volume,lead_median_lo,lead_median_hi,lead_p95_lo,lead_p95_hi,expected_late,oe_ratio,expected_rate
2017-01-01,750,22.0,16.0,23.0,10.733645833333334,19.256706018518518,25.20343692129624,39.0,-29.0,0.029333333333333333,0.019449841646561543,0.044013713270591816,0.021333333333333333,0.013173396949449313,0.034371691479043766,0.030666666666666665,True,True,20,False,10.074884837962964,11.013309172453704,21.785360792824072,32.6708333333332,33.19694149751122,0.6627116537723616,0.04426258866334829
2017-02-01,1653,49.0,31.0,53.0,10.971203703703704,22.07396527777777,27.677493055555544,31.0,-20.0,0.029643073200241985,0.02249464144806087,0.03897259084414819,0.018753781004234724,0.013243033594478766,0.026496108898707474,0.03206291591046582,True,True,19,False,10.774078993055555,11.505856481481482,26.049146701388878,29.587380787037027,97.88870399341846,0.5005684823786666,0.05921881669293313
2017-03-01,2546,116.0,60.0,142.0,10.126487268518519,21.140549768518518,26.919479166666665,23.0,-14.0,0.04556166535742341,0.03812335745963644,0.05436923968001914,0.02356637863315004,0.01835267519508306,0.030215622411141833,0.05577376276512176,True,True,17,False,9.939114583333332,10.581342592592591,25.409652054398148,28.99489742476852,177.4430977072377,0.6537306973269126,0.06969485377346336
2017-04-01,2303,151.0,51.0,181.0,12.748622685185186,25.32400462962967,31.729425925925927,26.0,-14.0,0.06556665219279201,0.05616343731630706,0.0764167439749754,0.02214502822405558,0.016883258865466856,0.028998289871221147,0.07859313938341293,True,True,18,False,12.212741319444445,13.080289351851851,29.799541984953706,32.78314814814815,152.96218833818665,0.9871720693884922,0.06641866623455782
2017-05-01,3545,106.0,43.0,128.0,9.793333333333333,19.238615740740734,22.62920601851852,24.0,-14.0,0.029901269393511988,0.024783595307838534,0.03603666429666344,0.012129760225669958,0.009017866331890195,0.01629784863119782,0.03610719322990127,True,True,15,False,9.649379340277777,9.977849826388889,21.96407297453703,23.628045023148147,243.30304412860156,0.43567066897844514,0.06863273459198915
2017-06-01,3135,95.0,39.0,121.0,10.804907407407407,19.8245787037037,24.083701388888866,24.0,-13.0,0.030303030303030304,0.024853511810586808,0.0369022223874453,0.012440191387559809,0.009113685785789347,0.016960093312133967,0.03859649122807018,True,True,16,False,10.620700810185186,10.917139756944444,22.929495775462946,25.090932725694408,216.90388561049966,0.4379820109382187,0.06918784229999989
2017-07-01,3872,108.0,50.0,133.0,10.158072916666665,19.75363888888889,23.464928240740736,24.0,-13.0,0.027892561983471075,0.023155389435808305,0.0335655732651752,0.012913223140495868,0.009809004083203806,0.016982973845710254,0.034349173553719005,True,True,14,False,9.990890625,10.302940248842592,22.740984302662035,24.79196892361111,271.27032758033084,0.3981268462471928,0.07005948542880445
2017-08-01,4193,122.0,45.0,139.0,9.769814814814815,19.22268287037037,23.97974537037036,23.0,-13.0,0.02909611256856666,0.024423888691638057,0.03463039326123256,0.010732172668733603,0.008030641898464575,0.01432937806928122,0.03315048891008824,True,True,12,False,9.391041666666666,10.001967592592592,23.146393229166666,24.840418981481477,291.1747266060785,0.418992408517138,0.0694430542823941
2017-09-01,4150,182.0,67.0,216.0,10.314432870370371,20.329388888888886,24.464431712962956,23.0,-12.0,0.04385542168674699,0.038035737315928964,0.05051878804747455,0.016144578313253014,0.012733337327647129,0.02045075508107671,0.052048192771084335,True,True,13,False,10.176371238425928,10.667082465277778,23.898282262731477,25.361895052083305,294.487153890551,0.6180235626428787,0.07096075997362675
2017-10-01,4478,187.0,73.0,237.0,10.263362268518518,20.08619328703704,25.36019212962962,23.0,-12.0,0.041759714158106295,0.0362828550841606,0.04802210355668242,0.016301920500223315,0.012985991236650611,0.02044702066201702,0.05292541313086199,True,True,11,False,10.124711371527779,10.401362847222222,24.398207696759254,26.771792245370367,311.70081414603703,0.5999342687388278,0.06960714920635039
2017-11-01,7288,904.0,445.0,1043.0,12.698680555555555,27.210305555555557,35.19026562499999,23.0,-10.0,0.12403951701427003,0.11666924067401635,0.13180591735742586,0.06105927552140505,0.05578993634088855,0.06679109670385,0.1431119648737651,True,True,1,True,12.37141087962963,12.909434461805557,34.215829383680536,36.31067107928241,517.4881192261882,1.7469000087417885,0.07100550483345064
2017-12-01,5513,411.0,174.0,462.0,13.1421875,28.262770833333335,34.887562499999994,28.0,-14.0,0.07455106112824234,0.06790981850872883,0.08178479660483108,0.03156176310538727,0.027263044852008242,0.036512842391977454,0.08380192272809722,True,True,10,False,12.926088831018518,13.369444444444444,33.85444444444445,35.895105902777765,365.1132318010701,1.1256781847444275,0.06622768579740071
2018-01-01,7069,403.0,183.0,464.0,11.830115740740741,25.464164351851842,31.96490972222219,26.0,-14.0,0.05700947800254633,0.05184118526194645,0.06265897192887016,0.02588767859668977,0.02243537851414193,0.029854986111443847,0.06563870420144292,True,True,2,True,11.482581018518518,12.013719907407408,31.142293634259257,33.211990277777765,479.24314618545714,0.840909261212569,0.06779504119188812
2018-02-01,6555,926.0,486.0,1048.0,14.26375,31.01614351851852,39.02207407407406,25.0,-10.0,0.14126620900076278,0.1330445644290877,0.1499080683601766,0.07414187643020595,0.06804567484014862,0.08073692113315825,0.15987795575896263,True,True,6,False,14.14658912037037,14.489480902777776,37.92642141203702,40.47159186921291,453.6405313562528,2.041263811307888,0.06920526794145733
2018-03-01,7003,1328.0,652.0,1496.0,13.367731481481481,32.18501388888889,39.19038310185185,22.0,-8.0,0.18963301442239042,0.1806228178218224,0.19898352470107036,0.09310295587605312,0.08651863916117271,0.10013343032076101,0.21362273311437954,True,True,3,True,13.212946469907408,13.759744791666668,38.09350491898148,39.936256944444445,484.0884089686083,2.7433005529494445,0.06912586162624708
2018-04-01,6798,306.0,140.0,361.0,9.314728009259259,21.415079861111114,27.15344386574073,24.0,-13.0,0.04501323918799647,0.04033626581282958,0.05020413601057147,0.020594292438952635,0.01747907979720346,0.02425101058186672,0.05310385407472786,True,True,4,True,9.209349537037037,9.485212528935184,26.181052314814814,27.994049710648138,468.0215360337416,0.6538160670835865,0.06884694557719058
2018-05-01,6749,443.0,145.0,556.0,9.14787037037037,21.445043981481483,26.08353472222222,22.0,-12.0,0.06563935397836716,0.05997459002900941,0.07179830353690804,0.021484664394725145,0.01828795600639458,0.025225794555137203,0.08238257519632539,True,True,5,True,9.010250868055556,9.333248263888889,25.380555555555556,26.966488368055554,452.1045420914266,0.9798618654674223,0.06698837488389785
2018-06-01,6096,71.0,37.0,83.0,7.95761574074074,15.914866898148148,19.755925925925922,28.0,-19.0,0.011646981627296589,0.009244546578526722,0.014664510698658675,0.006069553805774278,0.0044067990570952845,0.008354427500380443,0.013615485564304463,True,True,9,False,7.845860532407407,8.05771484375,18.914084346064815,20.290527488425926,376.9652507420228,0.18834627292633147,0.06183813168340269
2018-07-01,6156,208.0,66.0,276.0,7.5017245370370365,16.00616898148148,20.7112818287037,20.0,-11.0,0.03378817413905133,0.029557427463237668,0.0386004077062852,0.010721247563352826,0.008436490798311262,0.013616261651376145,0.04483430799220273,True,True,8,False,7.360542245370371,7.720266203703703,20.04050925925926,21.21064814814815,424.23020393826005,0.4902998373738403,0.06891328848899611
2018-08-01,6351,393.0,57.0,660.0,7.013703703703704,13.07263888888889,15.472465277777777,14.0,-7.0,0.061880018894662256,0.05621514552684044,0.06807457341246881,0.008974964572508267,0.006934112575936284,0.011609459216421644,0.10392064241851677,True,False,7,False,6.94125,7.088123553240741,15.164670138888889,16.03687962962963,419.77414615851933,0.936217734218418,0.06609575596890557
