purchase_month,1: <=14 days,2: 15-21 days,3: 22-28 days,4: 29-35 days,5: 36+ days
2017-01-01,,0.0013333333333333333,0.112,0.13866666666666666,0.748
2017-02-01,,0.028433151845130067,0.29522081064730793,0.38898971566848156,0.28735632183908044
2017-03-01,0.0007855459544383347,0.3609583660644148,0.3853102906520031,0.16849960722702279,0.08444619010212097
2017-04-01,,0.14372557533651759,0.46895353886235347,0.2323056882327399,0.15501519756838905
2017-05-01,0.10155148095909731,0.18138222849083216,0.4414668547249647,0.20338504936530324,0.07221438645980253
2017-06-01,0.11610845295055822,0.15853269537480064,0.47814992025518344,0.1875598086124402,0.05964912280701754
2017-07-01,0.1056301652892562,0.18930785123966942,0.4793388429752066,0.1846590909090909,0.04106404958677686
2017-08-01,0.11590746482232292,0.2077271643214882,0.4464583830193179,0.17433818268542808,0.05556880515144288
2017-09-01,0.08433734939759036,0.3269879518072289,0.4202409638554217,0.13036144578313252,0.038072289156626506
2017-10-01,0.10853059401518535,0.2735596248325145,0.3910227780259044,0.1766413577489951,0.05024564537740062
2017-11-01,0.10716245883644347,0.3006311745334797,0.4313940724478595,0.1307628979143798,0.030049396267837543
2017-12-01,,0.17358969707962996,0.3504444041356793,0.3613277707237439,0.11463812806094685
2018-01-01,0.00834630074975244,0.21247701230725705,0.4050077804498515,0.2737303720469656,0.10043853444617343
2018-02-01,0.06834477498093058,0.2221205186880244,0.4283752860411899,0.21876430205949657,0.0623951182303585
2018-03-01,0.16550049978580608,0.3064400971012423,0.3404255319148936,0.1313722690275596,0.05626160217049836
2018-04-01,0.08811415122094733,0.2627243306854957,0.3893792291850544,0.18608414239482202,0.0736981465136805
2018-05-01,0.16357978959845904,0.30019262112905615,0.2908579048747963,0.1363164913320492,0.10905319306563935
2018-06-01,0.09399606299212598,0.14796587926509186,0.28083989501312334,0.244750656167979,0.23244750656167978
2018-07-01,0.24626380766731643,0.33674463937621835,0.2678687459389214,0.10981156595191682,0.03931124106562703
2018-08-01,0.5205479452054794,0.2582270508581326,0.1295858919855141,0.05558179814202488,0.036057313808849
