purchase_month,scenario_lo,observed,scenario_hi
2017-01-01,0.02795425667090216,0.029333333333333333,0.07496823379923762
2017-02-01,0.02852153667054715,0.029643073200241985,0.06635622817229336
2017-03-01,0.04432556362246848,0.04556166535742341,0.07145586549484143
2017-04-01,0.06352545225073622,0.06556665219279201,0.09465713083718974
2017-05-01,0.02912888156086837,0.029901269393511988,0.05496015388843089
2017-06-01,0.029641185647425898,0.030303030303030304,0.0514820592823713
2017-07-01,0.027369488089204256,0.027892561983471075,0.046122655854029394
2017-08-01,0.02855805243445693,0.02909611256856666,0.047050561797752806
2017-09-01,0.04305654128223326,0.04385542168674699,0.061272770286255024
2017-10-01,0.04112601715416758,0.041759714158106295,0.05630085770837915
2017-11-01,0.12180005389382915,0.12403951701427003,0.13985448666127728
2017-12-01,0.07313167259786477,0.07455106112824234,0.09217081850533808
2018-01-01,0.056073465980242106,0.05700947800254633,0.07249199944343955
2018-02-01,0.1397735849056604,0.14126620900076278,0.15033962264150943
2018-03-01,0.18526785714285715,0.18963301442239042,0.20828683035714285
2018-04-01,0.044226044226044224,0.04501323918799647,0.06171412053764995
2018-05-01,0.06483243085028538,0.06563935397836716,0.07712571344943656
2018-06-01,0.011559752523607945,0.011646981627296589,0.01904916965157929
2018-07-01,0.033386837881219905,0.03378817413905133,0.04526484751203853
2018-08-01,0.061205419716555055,0.061880018894662256,0.07210714841924934
