customer_state,macro_region,n_delivered,n_late,n_severe,lead_median,lead_p95,n_single_seller,cross_state_share,distance_median_km,distance_p90_km,n_no_distance,late_rate,late_rate_lo,late_rate_hi,share_of_delivered,share_of_late,ref_rate,excess_late,above_ref,below_ref,low_volume,exp_month,oe_month,exp_month_promised,oe_month_promised,oe_month_promised_lo,oe_month_promised_hi,adj_signal_above,adj_signal_below
AL,Northeast,396,85.0,40.0,22.32938078703704,46.03772858796296,394,1.0,1914.3787816828417,2268.4157722201744,1,0.21464646464646464,0.17705094451919098,0.25772502727079794,0.004116295749612798,0.013014852243148063,0.06788769580990198,58.11647245927882,True,False,False,25.824623846367377,3.291432258826745,23.866544995589763,3.561470670166416,2.937675899153207,4.2762415262911,True,False
MA,Northeast,713,125.0,63.0,19.182962962962964,41.09641435185185,702,0.98005698005698,2196.7031931998645,2391.587458367763,4,0.1753155680224404,0.14916621633861446,0.20494480179125116,0.007411411286550315,0.0191394885928648,0.06788769580990198,76.59607288753989,True,False,False,47.97946844817788,2.6052810513107536,48.866479453199986,2.557990700347341,2.1764512901178006,2.9903043008675994,True,False
SE,Northeast,332,51.0,31.0,17.92791666666667,42.5657523148148,329,1.0,1721.4696256051698,2068.661633916215,1,0.1536144578313253,0.1188096120571808,0.1963434342413791,0.003451035830483457,0.0078089113458888375,0.06788769580990198,28.461284991112542,True,False,False,20.280119008235104,2.5147781420459387,20.91877671011555,2.438001069887527,1.8856165324385326,3.1161487629731375,True,False
PI,Northeast,475,66.0,28.0,16.278622685185184,37.660143518518474,473,0.9978858350951374,2056.190578431725,2332.4279585560353,3,0.13894736842105262,0.11072799803949035,0.1729597577267893,0.004937475962288078,0.010105649977032614,0.06788769580990198,33.75334449029656,True,False,False,31.35593795035649,2.1048644790818525,32.29448073792928,2.0436928692426446,1.628631204680901,2.5439605481482266,True,False
CE,Northeast,1273,176.0,113.0,18.170833333333334,44.637398148148115,1262,0.9928684627575277,2292.366822449653,2384.1182952446215,6,0.13825608798114689,0.12038053678839306,0.1583082983543454,0.01323243557893205,0.026948399938753635,0.06788769580990198,89.57896323399478,True,False,False,85.90918712248606,2.0486749542754477,84.00580540694993,2.095093299176193,1.8242122980579887,2.398958772299433,True,False
RR,North,40,5.0,3.0,25.131105324074074,71.36849537037037,40,1.0,3302.3261461844577,3360.0354535093365,0,0.125,0.05459500250945401,0.261121198388511,0.0004157874494558382,0.000765579543714592,0.06788769580990198,2.284492167603921,False,False,True,2.6891753596729933,1.859306044142843,1.6229576642728694,3.080795087923714,1.3455681244504702,6.435687242784627,False,False
BA,Northeast,3253,396.0,187.0,16.913194444444443,36.82829629629629,3217,0.9794839912962388,1422.7580216862998,1664.666053241434,18,0.12173378419920074,0.11094138387201405,0.13341851785586104,0.03381391432699604,0.06063389986219568,0.06788769580990198,175.16132553038886,True,False,False,217.74026095023595,1.8186806531406927,221.40891497127473,1.7885458679537654,1.6299809869105015,1.9602211529803297,True,False
RJ,Southeast,12310,1495.0,871.0,12.03607638888889,38.29626099537035,12154,0.9233997038012177,394.36939192303726,850.1565186997195,50,0.12144597887896019,0.11579351199923274,0.12733463520264104,0.1279585875700342,0.22890828357066298,0.06788769580990198,659.3024645801066,True,False,False,841.7850671111969,1.7759877888193942,837.6090893336604,1.7848421406091843,1.701770134615554,1.8713853267656029,True,False
PA,North,942,106.0,59.0,21.066678240740742,46.77737384259255,933,1.0,2394.307963768165,2513.1100405407497,2,0.11252653927813164,0.09389955379798602,0.1343009091948419,0.009791794434684989,0.01623028632674935,0.06788769580990198,42.04979054707234,True,False,False,62.11554622221779,1.7064971081601052,48.89248579165449,2.1680223102522893,1.8091405713063793,2.5875439633125676,True,False
ES,Southeast,1992,214.0,88.0,13.632922453703703,30.926323495370298,1965,0.9964376590330789,761.5814448860338,1087.5867124565775,11,0.10742971887550201,0.09457903789321936,0.12179158458891975,0.02070621498290074,0.03276680447098453,0.06788769580990198,78.76770994667527,True,False,False,134.9297542364663,1.5860104482585953,142.5814025582408,1.5008970045205339,1.3213605708944818,1.701546149414744,True,False
PB,Northeast,516,54.0,21.0,18.15217013888889,39.97647280092593,512,0.998046875,2161.4925041313836,2524.7071625925482,6,0.10465116279069768,0.08109734497825016,0.13404797851021552,0.0053636580979803125,0.008268259072117593,0.06788769580990198,18.969948962090577,True,False,False,34.21707013411541,1.5781596667495046,30.714759056959682,1.7581124403371837,1.3624143992526327,2.2519713334882305,True,False
TO,North,274,27.0,7.0,15.865885416666668,31.497820601851757,267,1.0,1483.1357115880357,1846.5852027675332,2,0.09854014598540146,0.0686086544081462,0.13957287136631466,0.0028481440287724917,0.004134129536058797,0.06788769580990198,8.398771348086857,True,False,False,18.242539134494546,1.4800571236789128,18.27141455745435,1.4777180997726622,1.0288623931507568,2.0930490430347057,True,False
MS,Central-West,701,68.0,27.0,13.943796296296297,30.40101851851852,694,1.0,862.9620757261262,1125.0330034110757,2,0.09700427960057062,0.07724107511339709,0.12116022076762262,0.007286675051713564,0.01041188179451845,0.06788769580990198,20.410725237258717,True,False,False,48.99844727536203,1.3877990789759689,53.150662753764415,1.2793819771360024,1.0187265943481854,1.5979728258814236,True,False
PE,Northeast,1587,153.0,86.0,15.702766203703703,39.50856481481481,1579,0.9854338188727042,2084.4168757945317,2217.9065482393,5,0.09640831758034027,0.08284650505968315,0.11191926314602012,0.01649636705716038,0.023426734037666513,0.06788769580990198,45.26222674968557,True,False,False,107.48322737206459,1.4234779113058662,103.68689967667554,1.4755962467495543,1.2680232887635767,1.7130020394725793,True,False
RN,Northeast,470,44.0,23.0,16.04712962962963,42.02694212962963,466,0.9549356223175965,2264.7082214802613,2399.6908611796266,2,0.09361702127659574,0.07047750042682406,0.1233456805360046,0.004885502531106098,0.006737099984688409,0.06788769580990198,12.092782969346072,True,False,False,31.48922560555452,1.3973033364224319,29.306450959813056,1.5013759277892678,1.1302776049556362,1.9781470615946588,True,False
SC,South,3537,291.0,112.0,13.007175925925926,30.962182870370366,3497,0.9276522733771805,528.0044327952597,828.4303992217197,9,0.08227311280746395,0.0736642994248126,0.09178830997154637,0.03676600521813249,0.04455672944418925,0.06788769580990198,50.88121992037671,True,False,False,241.8194147362637,1.2033773231871159,254.66176366215973,1.1426921569036466,1.0231242543785048,1.274848833608389,True,False
GO,Central-West,1950,128.0,55.0,13.949722222222222,29.205358796296288,1920,0.9838541666666667,804.1823880997525,1052.3232392323246,13,0.06564102564102564,0.055480709860946054,0.07750933272804172,0.02026963816097211,0.019598836319093555,0.06788769580990198,-4.381006829308859,False,False,False,134.39924342072678,0.9523863136588171,142.84512961873017,0.8960753533679902,0.7573753793189113,1.058091369464956,False,False
RS,South,5327,325.0,160.0,13.173275462962962,32.84180902777777,5241,0.9456210646823126,855.6850744588019,1169.3400217280468,17,0.06100994931481134,0.054893390304202615,0.06775918975683318,0.05537249358128125,0.049762670341448476,0.06788769580990198,-36.63775557934781,False,True,False,361.2963136050135,0.8995386550091005,349.5475015186724,0.9297734888333593,0.8365589480114387,1.0326299065689892,False,False
MT,Central-West,885,53.0,29.0,16.11608796296296,33.724395833333325,869,0.9930955120828538,1333.7374719093257,1716.720494973983,5,0.059887005649717516,0.04607473570513203,0.07750349945778519,0.009199297319210419,0.008115143163374675,0.06788769580990198,-7.080610791763249,False,False,False,59.34181269699082,0.8931307890884094,56.067711788713396,0.9452855896763931,0.7272660110101052,1.2233528858573357,False,False
DF,Central-West,2074,118.0,42.0,11.360746527777778,25.901195023148148,2050,0.9760975609756097,866.8997366903948,1092.9025848012354,162,0.05689488910318226,0.047720475418313923,0.0677077050150572,0.02155857925428521,0.01806767723166437,0.06788769580990198,-22.799081109736704,False,True,False,142.62596151182552,0.8273388571702375,154.65343389253067,0.7629963139518693,0.6399616453803368,0.9080029887911257,False,True
MG,Southeast,11319,519.0,183.0,10.305891203703704,24.40249421296297,11157,0.8653759971318454,490.19800270191536,903.757990980971,37,0.04585210707659687,0.042150469340919525,0.04986189898638592,0.11765745350976581,0.07946715663757464,0.06788769580990198,-249.42082887228048,False,True,False,780.1567068251763,0.6652509623509545,827.7545077766869,0.6269974915558137,0.5763800232889597,0.6818287660466158,False,True
SP,Southeast,40399,1817.0,553.0,7.203969907407408,19.89455671296296,39834,0.24049806697795853,161.73298092497808,531.9221788542256,87,0.044976360801009925,0.042998277073722745,0.047040970847204995,0.41993492926416015,0.2782116061858827,0.06788769580990198,-925.5950230242302,False,True,False,2735.3441703767267,0.6642674145644176,2670.3920387727726,0.680424437168048,0.6504990167285083,0.7116588701820733,False,True
PR,South,4903,199.0,72.0,10.422361111111112,24.66339004629623,4843,0.8562874251497006,426.3987316870568,784.9467740239857,24,0.0405873954721599,0.03541400629496395,0.0464801128024304,0.050965146617049366,0.03047006583984076,0.06788769580990198,-133.85337255594942,False,True,False,331.8654434719848,0.5996406191559353,354.55807126356274,0.561262078425715,0.4897219579444739,0.6427494155136901,False,True
AC,North,80,3.0,2.0,18.356527777777778,38.9154386574074,80,1.0,2712.5319519519144,2794.3373894308006,1,0.0375,0.012834568919911402,0.10454720090045115,0.0008315748989116764,0.00045934772622875517,0.06788769580990198,-2.4310156647921577,False,False,True,4.416037471128016,0.6793420616591125,3.321754446656465,0.9031371969772392,0.30910337596639936,2.51787909261466,False,False
AP,North,67,2.0,1.0,24.347025462962964,41.11265393518518,67,1.0,2662.5877106598564,2960.2843226545574,0,0.029850746268656716,0.008224694838897963,0.10246555563352011,0.0006964439778385289,0.0003062318174858368,0.06788769580990198,-2.5484756192634324,False,False,True,4.325202592589794,0.4624060855384033,2.7947370422059006,0.7156308338838883,0.19717581507103552,2.45647161925013,False,False
RO,North,243,7.0,2.0,17.582361111111112,33.37128356481481,241,1.0,2288.6265218914505,2507.230000935724,3,0.02880658436213992,0.014022572831742262,0.058256447499498674,0.002525908755444217,0.0010718113612004287,0.06788769580990198,-9.496710081806182,False,True,False,15.161210865074633,0.4617045473673347,11.299526452708282,0.6194949876259843,0.3015600000915667,1.2528238950212978,False,False
AM,North,145,4.0,2.0,25.875138888888888,41.07091203703703,145,1.0,2692.7788198078697,2823.505801418288,0,0.027586206896551724,0.010778902912521017,0.0687786270560562,0.0015072295042774134,0.0006124636349716736,0.06788769580990198,-5.843715892435787,False,False,False,9.208832649495573,0.43436558706701067,5.906699137046238,0.6771971802173555,0.26460479635960044,1.6884050959323613,False,False
