seller_region,customer_region,n_delivered,n_late,lead_median,distance_median_km,late_rate,late_rate_lo,late_rate_hi,reportable
Central-West,Central-West,206,4.0,7.950561342592593,177.87913484375068,0.019417475728155338,0.0075763491456009545,0.04885415265915653,True
Central-West,North,42,1.0,17.239623842592593,1596.5111272305228,0.023809523809523808,0.004215404134432499,0.12321201573766646,False
Central-West,Northeast,171,21.0,16.615092592592593,1540.9217858133486,0.12280701754385964,0.08174330708490914,0.18044541594391267,True
Central-West,South,122,10.0,14.296348379629631,1234.0429824841995,0.08196721311475409,0.045130842790386066,0.14432547028895257,True
Central-West,Southeast,881,27.0,10.070034722222223,856.7589182319592,0.03064699205448354,0.021146641049090947,0.044222649962413554,True
North,Northeast,4,1.0,32.82109375,2690.9490027309103,0.25,0.04558726080970055,0.6993581574175981,False
North,South,3,0.0,7.958854166666667,1886.5013835241894,0.0,5.551115123125783e-17,0.5614970317550454,False
North,Southeast,17,0.0,15.300324074074075,2003.4356947964009,0.0,0.0,0.1843181350088518,False
Northeast,Central-West,119,12.0,14.30943287037037,1650.503130280302,0.10084033613445378,0.058630296197426456,0.16801516281924794,True
Northeast,North,45,5.0,21.18866898148148,1685.3969312586585,0.1111111111111111,0.04840471794567186,0.2349909699576858,False
Northeast,Northeast,428,40.0,11.833541666666665,608.3383227853562,0.09345794392523364,0.069384292020778,0.12476441025911617,True
Northeast,South,138,16.0,15.229074074074074,2609.406648531868,0.11594202898550725,0.07263903016337457,0.18004773094786264,True
Northeast,Southeast,784,54.0,11.361516203703705,1868.3391451363489,0.06887755102040816,0.05317155799413138,0.08878778873548553,True
South,Central-West,632,22.0,13.23119212962963,1088.5479164893584,0.03481012658227848,0.023098724542210486,0.05214245100086669,True
South,North,199,11.0,20.450659722222223,2613.7127595691354,0.05527638190954774,0.03114245720959706,0.0962548656598722,True
South,Northeast,829,109.0,18.955034722222223,2442.9548182371377,0.13148371531966224,0.11017014199170859,0.15619683154347333,True
South,South,2991,111.0,9.201863425925925,353.15113161519537,0.037111334002006016,0.030908876438875955,0.04450127863144478,True
South,Southeast,8035,383.0,10.916863425925927,668.491725729134,0.047666459240821406,0.04322010480736263,0.052545119916155,True
Southeast,Central-West,4576,328.0,13.578530092592594,848.2459710517415,0.07167832167832168,0.0645581725501075,0.07951700226841184,True
Southeast,North,1487,136.0,20.21521990740741,2377.1173456072625,0.09145931405514458,0.07784168603309742,0.10718231983194877,True
Southeast,Northeast,7502,978.0,17.45089699074074,1886.3293262966824,0.13036523593708343,0.12293482290935226,0.13817400407200275,True
Southeast,South,10327,678.0,12.966354166666667,717.7530650708522,0.06565314224847488,0.06103594608441301,0.07059335674063738,True
Southeast,Southeast,55393,3571.0,8.197407407407407,288.4173908553443,0.06446662935750004,0.062451563875059984,0.06654209841040737,True
