seller_id,short_id,tier,seller_state,seller_region,n_delivered,n_late,late_rate,late_rate_lo,late_rate_hi,excess_late,exp_s1,exp_s2,oe_s1,oe_s2,screen_signal_s2,cross_state_share,distance_median_km,n_destination_states,rate_h1,rate_h2,n_h1,n_h2
4a3ca9315b744ce9f8e9374361493884,4a3ca931,ranked (n>=50),SP,Southeast,1673,168.0,0.100418410041841,0.08691907711306754,0.11574853766531543,53.131158420326344,119.76735037710998,119.52027343993923,1.4027195180574712,1.4056192741595641,True,0.5481171548117155,407.19483283754425,25,0.042821158690176324,0.15244596131968147,794,879
06a2c3af7b3aee5d69171b0e14f0ee87,06a2c3af,ranked (n>=50),MA,Northeast,388,74.0,0.19072164948453607,0.15473639711547998,0.2327709873192449,47.35976656729625,20.91723119918218,31.406562223096213,3.5377531230277386,2.356195481515669,True,0.9639175257731959,2267.114943486711,25,,0.19072164948453607,0,388
4869f7a5dfa277a7dca6462dcf3b52b2,4869f7a5,ranked (n>=50),SP,Southeast,1111,118.0,0.10621062106210621,0.08943066561921376,0.12570437167515106,41.71830066047971,86.22555524435377,81.69939644469171,1.3685037998955292,1.4443191153790569,True,0.6075607560756076,476.923215055848,27,0.05327868852459016,0.12110726643598616,244,867
1f50f920176fa81dab994f9023523100,1f50f920,ranked (n>=50),SP,Southeast,1364,124.0,0.09090909090909091,0.07677989972031182,0.1073360716129618,30.347220612866195,119.453559279811,123.1733941381998,1.0380603202416037,1.006710912430267,False,0.6385630498533724,574.4493166339579,23,0.046753246753246755,0.10827374872318693,385,979
8160255418d5aaa7dbdc9f4c64ebda44,81602554,ranked (n>=50),SP,Southeast,355,51.0,0.14366197183098592,0.11098641315436114,0.18396684884756653,26.62555961698497,36.61113432132919,35.35612384867364,1.3930188437315922,1.4424658149259546,True,0.5690140845070423,428.203989542103,20,0.0,0.14782608695652175,10,345
88460e8ebdecbfecb5f9601833981930,88460e8e,ranked (n>=50),PR,South,227,42.0,0.18502202643171806,0.13989726317522522,0.24062995784240354,26.414090233959403,20.654251788498314,21.20257141378059,2.033479616210956,1.9808918069580062,True,0.9162995594713657,550.5627591252958,15,,0.18502202643171806,0,227
7d13fca15225358621be4086e1eb0964,7d13fca1,ranked (n>=50),SP,Southeast,548,64.0,0.11678832116788321,0.09252727680431835,0.14638456411181044,26.374103296078204,47.47027331393407,45.04086929285632,1.3482121658906463,1.4209317227842821,True,0.6459854014598541,482.61496732908074,24,,0.11678832116788321,0,548
7c67e1448b00f6e969d365cea6b010ab,7c67e144,ranked (n>=50),SP,Southeast,963,89.0,0.09241952232606439,0.07571168861585237,0.11236615720025017,22.880039186356413,61.13591279073337,45.29642100287579,1.45577281727427,1.964835146563777,True,0.6022845275181724,331.79569489582656,24,0.06483790523690773,0.11209964412811388,401,562
e5a3438891c0bfdb9394643f95273d8e,e5a34388,ranked (n>=50),SP,Southeast,213,34.0,0.1596244131455399,0.11653409589998884,0.21477459023138293,19.37533577019098,18.61332008458269,18.416657959694927,1.8266488646569836,1.8461547189728669,True,0.5633802816901409,391.6504647589233,18,0.06521739130434782,0.18562874251497005,46,167
ea8482cd71df3c1969d7b9473ff13abc,ea8482cd,ranked (n>=50),SP,Southeast,1116,96.0,0.08602150537634409,0.07095773769089268,0.1039254632105411,19.374998683254148,98.499102046652,103.98916897066226,0.974628174321139,0.9231730664862204,False,0.6335125448028673,455.3924774537808,25,0.0,0.0909952606635071,61,1055
855668e0971d4dfd7bef1b6a4133b41b,855668e0,ranked (n>=50),SP,Southeast,296,38.0,0.12837837837837837,0.09497853643853232,0.17130038020867988,17.67652294824662,19.71014154021931,18.37824577037869,1.927941507799907,2.067661977904706,True,0.597972972972973,374.1507762096322,18,0.08130081300813008,0.16184971098265896,123,173
1835b56ce799e6a4dc4eddc053f04066,1835b56c,ranked (n>=50),SP,Southeast,375,43.0,0.11466666666666667,0.08625270038271887,0.15089520602742973,17.252351708082713,34.26671077112857,32.37424655757448,1.2548621981024703,1.328216238902383,False,0.49866666666666665,354.87274514233246,14,0.02,0.12923076923076923,50,325
54965bbe3e4f07ae045b90b0b8541f52,54965bbe,ranked (n>=50),PR,South,72,22.0,0.3055555555555556,0.21126630975195265,0.4195424795911143,17.05645152795188,6.7275913021379035,7.837454950944914,3.270115411590001,2.807033678368715,True,0.9444444444444444,845.9571588020665,11,0.0,0.3235294117647059,4,68
8b321bb669392f5163d04c59e235e066,8b321bb6,ranked (n>=50),SP,Southeast,917,80.0,0.08724100327153762,0.07065563359419463,0.10727017247292475,17.038417376831596,81.52976586060998,84.41557018378943,0.981236719565399,0.9476924674657073,False,0.5856052344601963,354.6892807243651,27,0.0,0.08762322015334063,4,913
f7ba60f8c3f99e7ee4042fdef03b70c4,f7ba60f8,ranked (n>=50),SP,Southeast,213,30.0,0.14084507042253522,0.10047228580295067,0.19394308645980715,15.375335770190981,16.899480095573,19.947333469983743,1.7752025405715777,1.503960418827071,True,0.6431924882629108,588.9081914411562,21,0.13636363636363635,0.14136125654450263,22,191
620c87c171fb2a6dd6e8bb4dec959fc6,620c87c1,ranked (n>=50),RJ,Southeast,694,63.0,0.09077809798270893,0.07159658443801767,0.11446495888174668,15.34968556109174,55.920999664324505,53.19298217494285,1.1265893023760023,1.1843667608784088,False,0.7953890489913544,374.4495356678665,23,0.04932735426008968,0.11040339702760085,223,471
a49928bcdf77c55c6d6e05e09a9b4ca5,a49928bc,ranked (n>=50),SP,Southeast,93,21.0,0.22580645161290322,0.15270154318255835,0.32066450663678026,14.614583223604512,5.928323517815233,6.113233379716094,3.5423168011821216,3.435170669204071,True,0.5053763440860215,344.58629068093427,17,0.041666666666666664,0.4222222222222222,48,45
fa1c13f2614d7b5c4749cbc52fecda94,fa1c13f2,ranked (n>=50),SP,Southeast,566,53.0,0.09363957597173145,0.07230315638473676,0.12045477149228133,14.138216178066173,38.11847792676389,39.243468509429476,1.390401791536053,1.3505432117261778,True,0.6466431095406361,422.12008749827777,24,0.023952095808383235,0.12280701754385964,167,399
ede0c03645598cdfc63ca8237acbe73d,ede0c036,low-confidence (30-49),SP,Southeast,43,14.0,0.32558139534883723,0.20493297126568708,0.47483789032470525,11.047602995860151,5.958896897103702,5.94353901984139,2.34942813103624,2.355498963372433,True,0.4418604651162791,296.7140134400695,10,,0.32558139534883723,0,43
1ca7077d890b907f89be8c954a02686a,1ca7077d,ranked (n>=50),SP,Southeast,106,18.0,0.16981132075471697,0.11019962137211899,0.25251823806319285,10.721998082818047,7.470896021316795,7.938467451582988,2.40934955440959,2.267440171517069,True,0.4716981132075472,238.77500394759778,14,0.14285714285714285,0.1717171717171717,7,99
712e6ed8aa4aa1fa65dab41fed5737e4,712e6ed8,ranked (n>=50),SC,South,77,16.0,0.2077922077922078,0.13215077794236726,0.31120414592399037,10.713149550726317,6.065303556404537,6.323576936485261,2.6379553556070774,2.530213542225524,True,0.948051948051948,894.1488665246862,17,0.1,0.24561403508771928,20,57
beadbee30901a7f61d031b6b686095ad,beadbee3,ranked (n>=50),SP,Southeast,63,15.0,0.23809523809523808,0.14993783678290606,0.35635660109696865,10.674395086957896,1.3974870713915202,1.5446119369891087,10.733551892586775,9.71117705411451,True,0.5714285714285714,374.71693122094126,13,,0.23809523809523808,0,63
cd68562d3f44870c08922d380acae552,cd68562d,ranked (n>=50),SP,Southeast,122,19.0,0.1557377049180328,0.10202734884743364,0.2304660854531982,10.623431755696243,7.438280764508688,7.857344278997101,2.5543537010134605,2.418119828449865,True,0.6229508196721312,467.69471342143356,18,0.07317073170731707,0.325,82,40
897060da8b9a21f655304d50fd935913,897060da,ranked (n>=50),SP,Southeast,297,31.0,0.10437710437710437,0.07451174823627557,0.14434591546072367,10.60786255280151,28.051221297955617,27.399799171829574,1.1051212234477394,1.1313951538692986,False,0.5656565656565656,417.0283050046086,17,0.0625,0.12972972972972974,112,185
2c9e548be18521d1c43cde1c582c6de8,2c9e548b,ranked (n>=50),SP,Southeast,123,19.0,0.15447154471544716,0.10117791843878993,0.22869418497057037,10.554771360251129,11.17999504736083,11.600224861022452,1.6994640802175647,1.6378992845079492,True,0.4959349593495935,300.099491731571,12,0.0,0.16521739130434782,8,115
7aa4334be125fcdd2ba64b3180029f14,7aa4334b,ranked (n>=50),SP,Southeast,211,25.0,0.11848341232227488,0.08155513391185207,0.16905505611497143,10.512656561081206,13.637167941832478,11.730455982523674,1.8332252053090616,2.131204450811258,True,0.5545023696682464,410.6789439814748,17,0.023809523809523808,0.25882352941176473,126,85
2a1348e9addc1af5aaa619b1a3679d6b,2a1348e9,low-confidence (30-49),MG,Southeast,45,13.0,0.28888888888888886,0.1773008248284927,0.43368540574761577,9.910282204969926,2.221798126305153,2.500248327726362,5.851116645605863,5.199483529630732,True,0.7333333333333333,459.94823657645253,12,0.2777777777777778,0.3333333333333333,36,9
c3867b4666c7d76867627c2f7fb22e21,c3867b46,ranked (n>=50),SP,Southeast,221,25.0,0.11312217194570136,0.07780626782099087,0.16165783770072004,9.826052606630078,18.32825408108629,18.57214310542947,1.3640142639553743,1.3461020550014706,False,0.5429864253393665,409.58161742979036,19,0.008333333333333333,0.2376237623762376,120,101
ad781527c93d00d89a11eecd9dcad7c1,ad781527,low-confidence (30-49),SP,Southeast,33,12.0,0.36363636363636365,0.2218717823524236,0.5338382169773361,9.734206950311279,2.3389880498152036,2.484392161454259,5.1304238176625505,4.8301553137149265,True,0.6363636363636364,633.721514459286,12,0.23076923076923078,0.45,13,20
b499c00f28f4b7069ff6550af8c1348a,b499c00f,ranked (n>=50),SP,Southeast,140,19.0,0.1357142857142857,0.08863473719289164,0.20225120879053785,9.387544637684213,9.867890809923875,8.94817673920087,1.925436789480099,2.123337586389339,True,0.44285714285714284,187.97238384210613,14,0.12,0.1391304347826087,25,115
7ad32824caee82087b3e2e5f33b1bf32,7ad32824,ranked (n>=50),SP,Southeast,140,19.0,0.1357142857142857,0.08863473719289164,0.20225120879053785,9.387544637684213,10.939820060465035,10.338398433348308,1.7367744528690483,1.8378088368805932,True,0.4714285714285714,314.4377159235671,12,,0.1357142857142857,0,140
d20b021d3efdf267a402c402a48ea64b,d20b021d,ranked (n>=50),SP,Southeast,73,14.0,0.1917808219178082,0.11782360890987197,0.29655502613133206,8.987791132506768,5.341062549105223,5.5814240236576005,2.62120128182086,2.5083204466564726,True,0.5068493150684932,332.78607917583224,10,0.07142857142857142,0.3548387096774194,42,31
77530e9772f57a62c906e1c21538ab82,77530e97,ranked (n>=50),PR,South,296,29.0,0.09797297297297297,0.06908321317406087,0.13716397847155964,8.676522948246621,25.871169893343247,25.930396893639124,1.120938872094138,1.1183785623857485,False,0.9087837837837838,502.1738689864162,22,0.060240963855421686,0.11267605633802817,83,213
8f2ce03f928b567e3d56181ae20ae952,8f2ce03f,ranked (n>=50),SP,Southeast,151,19.0,0.12582781456953643,0.08205370246915465,0.18816758800025635,8.632280287787973,10.401307801451326,9.825734675052304,1.8266933699768861,1.9336976448429144,True,0.6225165562913907,393.6322185913407,20,0.11538461538461539,0.128,26,125
2eb70248d66e0e3ef83659f71b244378,2eb70248,ranked (n>=50),SP,Southeast,185,21.0,0.11351351351351352,0.07545368763448693,0.16729734334659027,8.297826842654139,10.191882594166998,7.191899592464495,2.0604632957623243,2.919951777692129,True,0.5675675675675675,378.5535139085462,21,,0.11351351351351352,0,185
835f0f7810c76831d6c7d24c7a646d4d,835f0f78,low-confidence (30-49),SP,Southeast,40,11.0,0.275,0.16108016247667337,0.42834955806210573,8.253584182195489,1.9308810934344147,2.0349603929942153,5.696881096098231,5.405510612329284,True,0.675,587.1283056422176,15,0.15151515151515152,0.8571428571428571,33,7
431af27f296bc6519d890aa5a05fdb11,431af27f,ranked (n>=50),SP,Southeast,114,16.0,0.14035087719298245,0.0882740658274536,0.21587575698855527,8.172714919257146,7.078616122466437,7.4992565379821805,2.2603288161394235,2.1335448279390516,True,0.5701754385964912,443.61381197537617,16,0.0967741935483871,0.19230769230769232,62,52
6973a06f484aacf400ece213dbf3d946,6973a06f,ranked (n>=50),SP,Southeast,77,13.0,0.16883116883116883,0.10140668708276009,0.2677288932991118,7.7131495507263175,7.06278082113461,5.880110922966302,1.8406347767580302,2.210842647410803,True,0.4155844155844156,149.4477697616648,9,,0.16883116883116883,0,77
7e1fb0a3ebfb01ffb3a7dae98bf3238d,7e1fb0a3,ranked (n>=50),SP,Southeast,154,18.0,0.11688311688311688,0.07522597613265466,0.17718843462081865,7.426299101452635,11.74919938397478,12.58785673085416,1.532019281633006,1.4299495446178783,False,0.6233766233766234,492.79607933921756,21,0.06,0.14423076923076922,50,104
2e90cb1677d35cfe24eef47d441b7c87,2e90cb16,ranked (n>=50),SP,Southeast,126,16.0,0.12698412698412698,0.07969646065163147,0.196343712850961,7.348790173915791,8.996184015418887,11.623823106717843,1.7785318722446115,1.376483438633284,False,0.7142857142857143,,18,0.03125,0.1595744680851064,32,94
cac4c8e7b1ca6252d8f20b2fc1a2e4af,cac4c8e7,ranked (n>=50),SP,Southeast,68,12.0,0.17647058823529413,0.10393587249437691,0.2836044040774335,7.331093109732332,4.806889866177074,4.73415085843321,2.496416671502319,2.5347734702251246,True,0.6470588235294118,409.1243086549175,15,0.06666666666666667,0.20754716981132076,15,53
dd7ddc04e1b6c2c614352b383efe2d36,dd7ddc04,ranked (n>=50),SP,Southeast,114,15.0,0.13157894736842105,0.08138650983774753,0.2057913574371884,7.172714919257145,8.243660809451056,6.739478692622338,1.8195799592825372,2.225691434623927,True,0.45614035087719296,292.34160591279306,15,0.1282051282051282,0.13333333333333333,39,75
b33e7c55446eabf8fe1a42d037ac7d6d,b33e7c55,ranked (n>=50),SP,Southeast,146,17.0,0.11643835616438356,0.07398186903449244,0.1785614465373122,6.975582265013536,15.379130636081909,15.403547033564047,1.1053940825572592,1.1036419055271691,False,0.6232876712328768,486.37206857598017,19,0.0,0.11971830985915492,4,142
6039e27294dc75811c0d8a39069f52c0,6039e272,ranked (n>=50),SP,Southeast,62,11.0,0.1774193548387097,0.10206437766005086,0.2904156688569637,6.743055482403008,6.105522194757907,5.934633433876262,1.8016476968087027,1.853526443134542,True,0.7258064516129032,392.3393774410291,16,0.0,0.22916666666666666,14,48
bbad7e518d7af88a0897397ffdca1979,bbad7e51,ranked (n>=50),SP,Southeast,64,11.0,0.171875,0.09877742301244645,0.282132116226582,6.605734691512783,4.436214522800218,4.573013428104306,2.479591539918724,2.4054160725611364,True,0.609375,372.0284232066871,14,0.0,0.2619047619047619,22,42
891071be6ba827b591264c90c2ae8a63,891071be,ranked (n>=50),SP,Southeast,82,12.0,0.14634146341463414,0.08574162210230579,0.23859418489800904,6.369847573500754,5.7559514679599255,5.47317268271705,2.0847986760828516,2.192512587423577,True,0.5853658536585366,346.2268906766765,16,0.047619047619047616,0.18032786885245902,21,61
b561927807645834b59ef0d16ba55a24,b5619278,ranked (n>=50),SP,Southeast,82,12.0,0.14634146341463414,0.08574162210230579,0.23859418489800904,6.369847573500754,5.642317251710574,6.230542125961671,2.1267857627753872,1.925996126404141,True,0.5365853658536586,350.1882331023519,13,,0.14634146341463414,0,82
0dd184061fb0eaa7ca37932c68ab91c5,0dd18406,ranked (n>=50),SP,Southeast,156,17.0,0.10897435897435898,0.06915919829493856,0.16758450449586026,6.288978310562408,12.540866178034118,12.425825505671552,1.3555682485294558,1.3681183589968042,False,0.5705128205128205,346.63248648204643,19,,0.10897435897435898,0,156
ef990a83bbea832f36ebe81376335aa8,ef990a83,low-confidence (30-49),SC,South,40,9.0,0.225,0.12316091323540743,0.37503096742310027,6.253584182195489,3.6264198836836052,3.423066332527215,2.4817865246365454,2.629221617611889,True,0.95,439.5858449065717,9,,0.225,0,40
900ba814c251a692506d7834c1218441,900ba814,ranked (n>=50),SP,Southeast,84,12.0,0.14285714285714285,0.08365020540566916,0.23330102917623075,6.2325267826105275,6.283837891276495,6.051696840742742,1.9096609759234777,1.9829149271342559,True,0.5,278.41711806583646,14,0.06666666666666667,0.15942028985507245,15,69
a416b6a846a11724393025641d4edd5e,a416b6a8,ranked (n>=50),SP,Southeast,157,17.0,0.10828025477707007,0.06871130462116902,0.16656049096034048,6.220317915117295,11.086720541406052,11.835192018082257,1.5333659702622944,1.4363941010865522,False,0.554140127388535,391.1216841428098,21,0.0967741935483871,0.11578947368421053,62,95
adbc26658d6c7b4b6219f9d934598091,adbc2665,ranked (n>=50),PR,South,86,12.0,0.13953488372093023,0.08165847155571476,0.22823697299912266,6.095205991720302,8.344881034422032,7.906223503000948,1.4380073185586308,1.5177916479903693,False,0.872093023255814,453.3648002883683,9,0.0,0.14814814814814814,5,81
c31eff8334d6b3047ed34bebd4d62c36,c31eff83,ranked (n>=50),SP,Southeast,116,14.0,0.1206896551724138,0.07326996536571831,0.19242655680642143,6.035394128366919,5.936041285100754,5.593287727091459,2.3584741627622243,2.503000146441613,True,0.49137931034482757,267.8335496621922,19,,0.1206896551724138,0,116
440dd6ab244315c632130ecfb63827b1,440dd6ab,ranked (n>=50),SP,Southeast,87,12.0,0.13793103448275862,0.08069778291221402,0.22578627384042482,6.02654559627519,6.343775725801432,7.228074292984499,1.8916179446876642,1.660193229010815,False,0.6666666666666666,736.5697147308086,17,0.021739130434782608,0.2682926829268293,46,41
11bfa66332777660bd0640ee84d47006,11bfa663,ranked (n>=50),SP,Southeast,76,11.0,0.14473684210526316,0.08278516269157667,0.24087448985470516,5.78180994617143,7.734110151213292,8.007199348957922,1.4222709251528272,1.373763724445248,False,0.6052631578947368,424.29165879366457,17,0.2,0.14084507042253522,5,71
8e6d7754bc7e0f22c96d255ebda59eba,8e6d7754,ranked (n>=50),SP,Southeast,77,11.0,0.14285714285714285,0.0816833163991473,0.23797270165973414,5.7131495507263175,6.521969799475735,7.368238845419482,1.6866070126366162,1.49289405932304,False,0.4675324675324675,176.2701926955594,12,,0.14285714285714285,0,77
002100f778ceb8431b7a1020ff7ab48f,002100f7,low-confidence (30-49),SP,Southeast,48,9.0,0.1875,0.10191390954847647,0.31939867149284695,5.704301018634587,4.748301233696583,5.065230209655996,1.895414708765948,1.776819537805614,False,0.5625,361.5914513258508,12,0.08333333333333333,0.2222222222222222,12,36
ea566164622c6b439516ab18062c42cd,ea566164,ranked (n>=50),SP,Southeast,50,9.0,0.18,0.09770192670234178,0.30796053674300783,5.566980227744361,4.226024787983391,4.458363750822316,2.1296609583529427,2.018677816124808,True,0.54,344.418512790925,13,,0.18,0,50
59b22a78efb79a4797979612b885db36,59b22a78,ranked (n>=50),MG,Southeast,123,14.0,0.11382113821138211,0.06902284440685469,0.18201068293301853,5.554771360251129,10.57296597183634,11.106857017486448,1.3241317561498256,1.2604825989889523,False,0.7967479674796748,551.9378124386324,16,0.02702702702702703,0.1511627906976744,37,86
b2479f944e1b90cf8a5de1bbfde284d6,b2479f94,ranked (n>=50),SP,Southeast,98,12.0,0.12244897959183673,0.07145200242109419,0.201928398283032,5.271281246378949,9.819482842739118,9.05042874069602,1.2220602848624798,1.3259040365724313,False,0.5204081632653061,322.8484283449259,14,,0.12244897959183673,0,98
b1fc4f64df5a0e8b6913ab38803c57a9,b1fc4f64,ranked (n>=50),RJ,Southeast,99,12.0,0.12121212121212122,0.07071551497720938,0.20000661537720535,5.202620850933836,8.743976813134449,8.988416645692686,1.3723732640707182,1.3350515972966703,False,0.8282828282828283,491.95384069374586,23,0.21739130434782608,0.09210526315789473,23,76
05f51e13da97139648b8125c31e5f51b,05f51e13,ranked (n>=50),MG,Southeast,57,9.0,0.15789473684210525,0.0853579597035527,0.2736317694063802,5.086357459628573,3.685590418798511,3.851119673995867,2.441942532218208,2.336982686040948,True,0.8070175438596491,503.99335521810326,13,0.025,0.47058823529411764,40,17
0b35c634521043bf4b47e21547b99ab5,0b35c634,low-confidence (30-49),PR,South,43,8.0,0.18604651162790697,0.09741751428996226,0.32617003657274385,5.047602995860151,4.194800116413527,4.235587095954233,1.9071230518701916,1.888758233219068,False,0.9534883720930233,765.2360760505372,9,,0.18604651162790697,0,43
b17b679f4f5ce2e03ce6968c62648246,b17b679f,low-confidence (30-49),SP,Southeast,44,8.0,0.18181818181818182,0.09512805715627728,0.3196055088718468,4.9789426004150386,3.6814620054995357,4.581441573258686,2.173049725367051,1.7461752752005006,False,0.6363636363636364,462.4051615382202,12,0.05555555555555555,0.2692307692307692,18,26
602044f2c16190c2c6e45eb35c2e21cb,602044f2,low-confidence (30-49),SP,Southeast,45,8.0,0.17777777777777778,0.09294389514104148,0.3132982462645977,4.910282204969926,5.174996224496681,5.385722563985379,1.5458948476388654,1.4854088573920308,False,0.6,524.881673832903,9,0.0,0.18181818181818182,1,44
2a261b5b644fa05f4f2700eb93544f2c,2a261b5b,low-confidence (30-49),SP,Southeast,46,8.0,0.17391304347826086,0.09085791702246311,0.30723353716378493,4.841621809524813,5.0500746987808895,5.081752950793708,1.584134983573854,1.574259921224722,False,0.6521739130434783,441.4371103846609,11,0.0,0.17777777777777778,1,45
3fd1e727ba94cfe122d165e176ce7967,3fd1e727,low-confidence (30-49),SP,Southeast,34,7.0,0.20588235294117646,0.10349526899031913,0.36798388051163594,4.665546554866166,3.776156004044528,3.7675471198113604,1.8537369728640736,1.8579727810678284,False,0.5294117647058824,425.01405484916296,9,,0.20588235294117646,0,34
71039d19d4303bf9054d69e9a9236699,71039d19,low-confidence (30-49),SP,Southeast,34,7.0,0.20588235294117646,0.10349526899031913,0.36798388051163594,4.665546554866166,2.777115518120648,3.242089611440954,2.5206009452343907,2.1591013324547914,True,0.6176470588235294,383.8271131772067,11,0.2,0.20689655172413793,5,29
abe42c5d03695b4257b5c6cbf4e6784e,abe42c5d,low-confidence (30-49),RJ,Southeast,49,8.0,0.16326530612244897,0.08512698370728837,0.2903633843391683,4.635640623189475,3.590910353780402,4.241014068762985,2.2278473177638203,1.8863413019361739,False,0.8979591836734694,415.909221250654,13,0.0,0.20512820512820512,10,39
6fd52c528dcb38be2eea044946b811f8,6fd52c52,ranked (n>=50),SP,Southeast,67,9.0,0.13432835820895522,0.07231091664295486,0.23600372261337027,4.399753505177444,4.791047938887893,3.1351379421542847,1.8785034328187284,2.8706870849247936,True,0.5223880597014925,312.5537469654499,12,0.0,0.16981132075471697,14,53
8b9d6eec4a7eb7d0f9d579ce0b38324d,8b9d6eec,low-confidence (30-49),RJ,Southeast,44,7.0,0.1590909090909091,0.0792667701220125,0.29366205062240613,3.9789426004150386,1.8402070194965772,1.9154038057698552,3.803919844798212,3.6545818583598884,True,0.6136363636363636,338.6375433324647,12,,0.1590909090909091,0,44
66e0557ecc2b4dbea057e93f215f68d8,66e0557e,low-confidence (30-49),SP,Southeast,30,6.0,0.2,0.0950510717728987,0.3730569641314825,3.940188136646617,1.9314454274761323,1.5330826586246593,3.1064817647166705,3.913683300926936,True,0.6333333333333333,393.8529534615527,9,0.2222222222222222,0.19047619047619047,9,21
50c9975695009e5e6473912e83a6d1da,50c99756,low-confidence (30-49),MG,Southeast,49,7.0,0.14285714285714285,0.0709642372040676,0.26667706223914406,3.6356406231894747,3.7488921989698953,3.643296876902139,1.8672182683522962,1.9213367003877087,False,0.6530612244897959,401.2055551493191,8,0.08,0.20833333333333334,25,24
ec8879960bd2221d5c32f8e12f7da711,ec887996,low-confidence (30-49),SP,Southeast,35,6.0,0.17142857142857143,0.08102640053701589,0.3268228229904496,3.5968861594210533,3.0052582322837673,2.8110314045408047,1.996500645284135,2.134447872161047,True,0.6857142857142857,369.358870881762,12,0.0,0.3157894736842105,16,19
dd55f1bb788714a40e7954c3be6df745,dd55f1bb,low-confidence (30-49),SP,Southeast,35,6.0,0.17142857142857143,0.08102640053701589,0.3268228229904496,3.5968861594210533,3.8622852230183304,4.186949652347309,1.5534844408282904,1.4330241579657519,False,0.8857142857142857,491.59810324532714,13,,0.17142857142857143,0,35
3c03b12bab54d8b37d79d914bfdb1aa0,3c03b12b,low-confidence (30-49),RJ,Southeast,36,6.0,0.16666666666666666,0.07870447595018114,0.31890794311279463,3.5282257639759402,4.5571491266347,4.997996262111023,1.3166126087321608,1.2004810898889622,False,0.8611111111111112,354.2210816154764,11,,0.16666666666666666,0,36
c60b801f2d52c7f7f91de00870882a75,c60b801f,low-confidence (30-49),SP,Southeast,36,6.0,0.16666666666666666,0.07870447595018114,0.31890794311279463,3.5282257639759402,1.4463222973199295,1.7559307814813052,4.1484529493309665,3.4169911839795835,True,0.6666666666666666,328.75442379764866,12,,0.16666666666666666,0,36
0bf0150d5b9d60d9cd2906003332f085,0bf0150d,low-confidence (30-49),SP,Southeast,39,6.0,0.15384615384615385,0.07247472376982099,0.29729463648926696,3.322244577640602,2.546348969338963,2.5649880849249698,2.356314893302944,2.339192152690062,True,0.5897435897435898,353.1400600491199,8,0.1,0.21052631578947367,20,19
834f8533b2ecb6598dd004ff3de7203a,834f8533,low-confidence (30-49),SP,Southeast,40,6.0,0.15,0.07061187717320358,0.2907232436648971,3.2535841821954894,2.622683954732419,2.4531919123913304,2.2877327590972176,2.4457931602062475,True,0.55,354.18063838051427,8,0.11764705882352941,0.17391304347826086,17,23
