n,lo95,hi95,lo998,hi998
20,0.0,0.2,0.0,0.3
21,0.0,0.19047619047619047,0.0,0.2857142857142857
22,0.0,0.18181818181818182,0.0,0.2727272727272727
24,0.0,0.16666666666666666,0.0,0.25
25,0.0,0.2,0.0,0.28
27,0.0,0.18518518518518517,0.0,0.25925925925925924
28,0.0,0.17857142857142858,0.0,0.25
30,0.0,0.16666666666666666,0.0,0.23333333333333334
32,0.0,0.15625,0.0,0.25
34,0.0,0.17647058823529413,0.0,0.23529411764705882
36,0.0,0.16666666666666666,0.0,0.2222222222222222
38,0.0,0.15789473684210525,0.0,0.21052631578947367
40,0.0,0.15,0.0,0.225
43,0.0,0.16279069767441862,0.0,0.20930232558139536
45,0.0,0.15555555555555556,0.0,0.2
48,0.0,0.14583333333333334,0.0,0.20833333333333334
51,0.0,0.13725490196078433,0.0,0.19607843137254902
54,0.018518518518518517,0.14814814814814814,0.0,0.18518518518518517
57,0.017543859649122806,0.14035087719298245,0.0,0.19298245614035087
61,0.01639344262295082,0.13114754098360656,0.0,0.18032786885245902
64,0.015625,0.140625,0.0,0.1875
68,0.014705882352941176,0.1323529411764706,0.0,0.17647058823529413
72,0.013888888888888888,0.125,0.0,0.18055555555555555
76,0.013157894736842105,0.13157894736842105,0.0,0.17105263157894737
81,0.024691358024691357,0.12345679012345678,0.0,0.1728395061728395
86,0.023255813953488372,0.12790697674418605,0.0,0.16279069767441862
91,0.02197802197802198,0.12087912087912088,0.0,0.16483516483516483
97,0.020618556701030927,0.12371134020618557,0.0,0.15463917525773196
102,0.0196078431372549,0.11764705882352941,0.00980392156862745,0.1568627450980392
108,0.027777777777777776,0.12037037037037036,0.009259259259259259,0.1574074074074074
115,0.02608695652173913,0.12173913043478261,0.008695652173913044,0.14782608695652175
122,0.02459016393442623,0.11475409836065574,0.00819672131147541,0.14754098360655737
129,0.031007751937984496,0.11627906976744186,0.007751937984496124,0.14728682170542637
137,0.029197080291970802,0.11678832116788321,0.014598540145985401,0.145985401459854
145,0.027586206896551724,0.1103448275862069,0.013793103448275862,0.13793103448275862
154,0.032467532467532464,0.11038961038961038,0.012987012987012988,0.13636363636363635
163,0.03067484662576687,0.11042944785276074,0.018404907975460124,0.13496932515337423
173,0.03468208092485549,0.10982658959537572,0.017341040462427744,0.1329479768786127
183,0.03278688524590164,0.1092896174863388,0.01639344262295082,0.13114754098360656
194,0.03608247422680412,0.10824742268041238,0.020618556701030927,0.12886597938144329
206,0.03398058252427184,0.10679611650485436,0.019417475728155338,0.1262135922330097
218,0.03669724770642202,0.10550458715596331,0.022935779816513763,0.12844036697247707
231,0.03896103896103896,0.1038961038961039,0.021645021645021644,0.12554112554112554
245,0.04081632653061224,0.10204081632653061,0.024489795918367346,0.12244897959183673
260,0.038461538461538464,0.1,0.026923076923076925,0.12307692307692308
276,0.03985507246376811,0.10144927536231885,0.025362318840579712,0.11956521739130435
292,0.0410958904109589,0.09931506849315068,0.0273972602739726,0.11986301369863013
310,0.041935483870967745,0.0967741935483871,0.02903225806451613,0.11612903225806452
328,0.042682926829268296,0.0975609756097561,0.03048780487804878,0.11585365853658537
348,0.04310344827586207,0.09770114942528736,0.031609195402298854,0.11494252873563218
369,0.04336043360433604,0.0948509485094851,0.032520325203252036,0.1111111111111111
391,0.043478260869565216,0.09462915601023018,0.03324808184143223,0.10997442455242967
414,0.04589371980676329,0.09420289855072464,0.033816425120772944,0.10869565217391304
439,0.04555808656036447,0.09339407744874716,0.03416856492027335,0.10933940774487472
466,0.04721030042918455,0.09227467811158799,0.034334763948497854,0.1072961373390558
494,0.0465587044534413,0.09109311740890688,0.03643724696356275,0.10526315789473684
523,0.04780114722753346,0.09177820267686425,0.036328871892925434,0.10516252390057361
555,0.04864864864864865,0.09009009009009009,0.03783783783783784,0.1045045045045045
588,0.04931972789115646,0.09013605442176871,0.0391156462585034,0.10204081632653061
623,0.04975922953451043,0.0898876404494382,0.04012841091492777,0.10112359550561797
661,0.049924357034795766,0.08925869894099848,0.04084720121028744,0.10136157337367625
700,0.05,0.08857142857142856,0.041428571428571426,0.1
742,0.05121293800539083,0.0876010781671159,0.04177897574123989,0.09838274932614555
787,0.052096569250317665,0.08640406607369759,0.04193138500635324,0.09783989834815757
834,0.05155875299760192,0.08633093525179857,0.04316546762589928,0.09712230215827339
884,0.05203619909502263,0.08597285067873303,0.04411764705882353,0.09615384615384616
937,0.05336179295624333,0.08537886872998933,0.044823906083244394,0.09498399146211313
994,0.05331991951710262,0.08450704225352113,0.04527162977867203,0.09456740442655935
1053,0.05413105413105413,0.08452041785375118,0.045584045584045586,0.09401709401709402
1117,0.05461056401074306,0.08415398388540735,0.046553267681289166,0.09310653536257833
1184,0.05489864864864865,0.08361486486486487,0.0472972972972973,0.09206081081081081
1255,0.0549800796812749,0.08286852589641434,0.04780876494023904,0.09163346613545817
1330,0.055639097744360905,0.08270676691729323,0.0481203007518797,0.09097744360902256
1410,0.05602836879432624,0.08226950354609928,0.04893617021276596,0.09007092198581561
1494,0.05622489959839357,0.08165997322623829,0.049531459170013385,0.08969210174029452
1584,0.05618686868686869,0.08143939393939394,0.049873737373737376,0.08901515151515152
1679,0.05658129839189994,0.08100059559261465,0.05062537224538416,0.08814770696843359
1780,0.05730337078651685,0.08089887640449438,0.05112359550561798,0.08764044943820225
1887,0.057233704292527825,0.0800211976682565,0.05140434552199258,0.08744038155802862
2000,0.058,0.08,0.052,0.0865
