segment,n_delivered_high_delay,n_delivered_other,n_late_high_delay,n_late_other,rate_high_delay,rate_other,rate_diff,share_high_delay,share_other,excess_late_in_high_delay
RJ,2755.0,9555.0,860.0,635.0,0.3121597096188748,0.06645735217163788,0.2457023574472369,0.13215964693466373,0.12679644890322067,676.9099947671376
SP,8501.0,31898.0,675.0,1142.0,0.0794024232443242,0.03580161765627939,0.04360080558804481,0.4078000575650005,0.4232917977095691,370.65044830396886
MG,2568.0,8751.0,307.0,212.0,0.11954828660436137,0.02422580276539824,0.09532248383896313,0.12318910102657585,0.11612723436442533,244.78813849845733
RS,1179.0,4148.0,178.0,147.0,0.15097540288379982,0.03543876567020251,0.1155366372135973,0.05655761297131344,0.055044654113088363,136.21769527483124
SC,789.0,2748.0,152.0,139.0,0.1926489226869455,0.05058224163027657,0.14206668105666892,0.037848987815408235,0.0364664198415542,112.09061135371178
CE,280.0,993.0,107.0,69.0,0.3821428571428571,0.06948640483383686,0.3126564523090203,0.013431833445265278,0.013177276165452447,87.54380664652568
PR,1069.0,3834.0,111.0,88.0,0.1038353601496726,0.022952529994783515,0.08088283015488908,0.05128082126067351,0.05087782156932999,86.46374543557641
BA,686.0,2567.0,150.0,246.0,0.21865889212827988,0.09583171016751071,0.12282718196076917,0.03290799194089993,0.03406451955359157,84.25944682508765
ES,450.0,1542.0,107.0,107.0,0.23777777777777778,0.06939040207522698,0.1683873757025508,0.021586875179890625,0.0204625980333612,75.77431906614785
MA,157.0,556.0,71.0,54.0,0.45222929936305734,0.09712230215827339,0.35510699720478395,0.007531420896095174,0.007378213039266425,55.75179856115108
GO,440.0,1510.0,71.0,57.0,0.16136363636363638,0.03774834437086093,0.12361529199277545,0.021107166842559724,0.020037952678583278,54.390728476821195
DF,474.0,1600.0,65.0,53.0,0.1371308016877637,0.033125,0.1040058016877637,0.022738175189484792,0.021232267738896186,49.29875
PA,193.0,749.0,51.0,55.0,0.26424870466321243,0.07343124165554073,0.19081746300767172,0.009258370910486424,0.009939355335270779,36.82777036048064
MS,165.0,536.0,40.0,28.0,0.24242424242424243,0.05223880597014925,0.1901854364540932,0.007915187565959896,0.007112809692530223,31.38059701492537
MT,192.0,693.0,30.0,23.0,0.15625,0.03318903318903319,0.12306096681096682,0.009210400076753333,0.00919622596440941,23.627705627705627
PI,97.0,378.0,32.0,34.0,0.32989690721649484,0.08994708994708994,0.2399498172694049,0.0046531708721097575,0.005016123253314225,23.275132275132275
PE,353.0,1234.0,51.0,102.0,0.14447592067988668,0.08265802269043761,0.061817897989449075,0.016933704307780868,0.016375386493623686,21.821717990275523
TO,57.0,217.0,17.0,10.0,0.2982456140350877,0.04608294930875576,0.2521626647263319,0.002734337522786146,0.0028796263120877954,14.373271889400922
SE,58.0,274.0,20.0,31.0,0.3448275862068966,0.11313868613138686,0.2316889000755097,0.0027823083565192363,0.003636025850285972,13.437956204379562
RN,102.0,368.0,17.0,27.0,0.16666666666666666,0.07336956521739131,0.09329710144927535,0.004893025040775208,0.004883421579946123,9.516304347826086
AL,80.0,316.0,24.0,61.0,0.3,0.1930379746835443,0.10696202531645568,0.0038376666986472225,0.004193372878431997,8.556962025316455
PB,101.0,415.0,13.0,41.0,0.12871287128712872,0.09879518072289156,0.029917690564237154,0.004845054207042118,0.005507119444776199,3.0216867469879514
AM,26.0,119.0,3.0,1.0,0.11538461538461539,0.008403361344537815,0.10698125404007758,0.0012472416770603473,0.001579149913080404,2.7815126050420167
RO,43.0,200.0,3.0,4.0,0.06976744186046512,0.02,0.04976744186046511,0.002062745850522882,0.0026540334673620233,2.14
Other (pooled),31.0,156.0,3.0,7.0,0.0967741935483871,0.04487179487179487,0.05190239867659222,0.0014870958457257988,0.0020701461045423784,1.608974358974359
