promised_group,distance_band,n,late,late_rate,late_rate_lo,late_rate_hi
1: <=14 days,Q0: unknown,31,3,0.0967741935483871,0.03346464416319736,0.24899938443392836
1: <=14 days,Q1: nearest quarter,9915,620,0.06253151790216843,0.05793312499844064,0.06746876432347834
1: <=14 days,Q2,1147,65,0.05666957279860506,0.04470949523943667,0.0715892857914848
1: <=14 days,Q3,642,39,0.06074766355140187,0.04475380603821247,0.08196685845758586
1: <=14 days,Q4: farthest quarter,195,18,0.09230769230769231,0.059187229725627476,0.14118073708063741
2: 15-21 days,Q0: unknown,96,10,0.10416666666666667,0.057571532417443415,0.18122164130321652
2: 15-21 days,Q1: nearest quarter,9057,335,0.03698796510985978,0.033293246592759,0.041075283293029057
2: 15-21 days,Q2,7696,712,0.09251559251559252,0.08624375820734376,0.09919401560357077
2: 15-21 days,Q3,4452,466,0.10467205750224619,0.09601786675746123,0.1140078865080912
2: 15-21 days,Q4: farthest quarter,1737,202,0.11629245826137018,0.10205630500393446,0.13222204168536136
3: 22-28 days,Q0: unknown,233,22,0.0944206008583691,0.06318183315182294,0.13881598876209092
3: 22-28 days,Q1: nearest quarter,3504,102,0.02910958904109589,0.02403813121799488,0.03521239685192781
3: 22-28 days,Q2,10232,573,0.056000781860828776,0.05171010225959962,0.06062472272245625
3: 22-28 days,Q3,11976,935,0.07807281229124917,0.07340200617629315,0.08301420895157859
3: 22-28 days,Q4: farthest quarter,8369,1009,0.12056398613932369,0.11376124654528999,0.12771489614348702
4: 29-35 days,Q0: unknown,83,9,0.10843373493975904,0.058104915192981194,0.19340466464711883
4: 29-35 days,Q1: nearest quarter,772,17,0.022020725388601035,0.01379339436944192,0.034981337104968396
4: 29-35 days,Q2,3007,141,0.046890588626538075,0.03989536085859997,0.05504203877872744
4: 29-35 days,Q3,4825,228,0.04725388601036269,0.041618643980944635,0.05360946875419519
4: 29-35 days,Q4: farthest quarter,8777,713,0.08123504614332916,0.0757011317241334,0.08713536470120217
5: 36+ days,Q0: unknown,28,1,0.03571428571428571,0.0063325198490377516,0.1771219774335332
5: 36+ days,Q1: nearest quarter,367,3,0.008174386920980926,0.002783846204619942,0.023754337665087506
5: 36+ days,Q2,1533,43,0.028049575994781473,0.020890357549546882,0.03756815051909579
5: 36+ days,Q3,1720,42,0.02441860465116279,0.018115689484811175,0.0328411188523011
5: 36+ days,Q4: farthest quarter,4537,210,0.04628609213136434,0.04054685494244294,0.05279299465688008
