seller_state,customer_state,seller_region,customer_region,n_delivered,n_late,lead_median,lead_p95,distance_median_km,lane,exp_month_promised,oe_month_promised,late_rate,late_rate_lo,late_rate_hi,share_of_delivered,share_of_late,ref_rate,excess_late,above_ref,below_ref,oe_lo,oe_hi,adj_signal_above
SP,RJ,Southeast,Southeast,8031,1147.0,12.871331018518518,40.081296296296294,382.88690300086057,SP>RJ,564.6227740696456,2.031444802930529,0.14282156643008342,0.13533989037384586,0.15064477660400855,0.08941016677428693,0.18741830065359477,0.06866039544511277,595.5883641802994,True,False,1.9250280178360046,2.142719451761897,True
SP,BA,Southeast,Northeast,2275,297.0,17.722939814814815,37.5130590277777,1448.1453815817486,SP>BA,159.80844659729527,1.8584749825421722,0.13054945054945055,0.11732571276566951,0.1450187590301343,0.02532787067756229,0.04852941176470588,0.06866039544511277,140.79760036236846,True,False,1.670224585903807,2.0644570660581048,True
SP,ES,Southeast,Southeast,1443,180.0,13.638136574074075,31.41759143518518,760.4237351564473,SP>ES,106.84488872303535,1.6846851744737947,0.12474012474012475,0.10868147054797651,0.14279145801826573,0.016065106544053794,0.029411764705882353,0.06866039544511277,80.92304937270228,True,False,1.467804065080361,1.928478529791704,True
SP,CE,Southeast,Northeast,958,133.0,18.367528935185184,43.754141782407395,2316.2660431661343,SP>CE,65.64041918157697,2.026190595037037,0.13883089770354906,0.11837417883457005,0.1621725332519983,0.01066553850949656,0.02173202614379085,0.06866039544511277,67.22334116358198,True,False,1.7276316138356762,2.366853971874375,True
SP,SC,Southeast,South,2300,222.0,13.875347222222222,32.95046238425921,543.4503969753105,SP>SC,171.79016879890435,1.2922741828135156,0.09652173913043478,0.08511725374159236,0.10927175558283321,0.02560619892676627,0.03627450980392157,0.06866039544511277,64.08109047624063,True,False,1.1395860716268824,1.4629768373690504,True
SP,MA,Southeast,Northeast,483,93.0,19.46934027777778,41.97438657407406,2236.107998452481,SP>MA,34.31677792032906,2.7100446381041894,0.19254658385093168,0.15986342475662196,0.2300817111415382,0.005377301774620917,0.015196078431372549,0.06866039544511277,59.83702900001053,True,False,2.2500374113417934,3.2383420943354504,True
PR,RJ,South,Southeast,948,117.0,14.163229166666667,42.642208912037034,839.633113672735,PR>RJ,67.72243777495001,1.7276401122594758,0.12341772151898735,0.10398693078535785,0.14588814727162583,0.010554207209814967,0.01911764705882353,0.06866039544511277,51.90994511803309,True,False,1.455641787617147,2.0421882046404725,True
SP,AL,Southeast,Northeast,254,61.0,23.142511574074074,45.898086226851845,1920.7769139942175,SP>AL,15.590046103999105,3.9127530215803845,0.24015748031496062,0.1917439706328919,0.29631353337078237,0.002827815011912449,0.009967320261437908,0.06866039544511277,43.56025955694136,True,False,3.1239784806192086,4.827672540164737,True
SP,PA,Southeast,North,672,81.0,20.903964120370368,46.133064814814816,2424.2057698594635,SP>PA,35.88398868527693,2.2572741483789955,0.12053571428571429,0.0980513247903535,0.14733382679546117,0.007481463338603015,0.013235294117647059,0.06866039544511277,34.86021426088422,True,False,1.8362086455052355,2.7591228075259275,True
SP,PE,Southeast,Northeast,1122,111.0,15.974693287037038,39.97619849537037,2103.388182857967,SP>PE,73.79491887864076,1.5041686024825742,0.09893048128342247,0.08280506490674747,0.1177928585853048,0.012491371824274677,0.018137254901960786,0.06866039544511277,33.963036310583476,True,False,1.2589929528638832,1.790957823939901,True
SP,PI,Southeast,Northeast,326,54.0,16.64181712962963,40.40575520833333,2078.196046398687,SP>PI,22.971462554775044,2.3507427910276917,0.1656441717791411,0.1292298311322595,0.20984658218633578,0.003629400369619915,0.008823529411764706,0.06866039544511277,31.61671108489324,True,False,1.8339679003311575,2.978042239566726,True
SP,MS,Southeast,Central-West,471,59.0,14.038043981481481,31.876278935185184,851.696173651178,SP>MS,37.844094744417596,1.5590279117114598,0.12526539278131635,0.09836970968273284,0.15822426828055813,0.005243704215003006,0.009640522875816994,0.06866039544511277,26.66095374535189,True,False,1.2242896434298154,1.9692274544666153,True
SP,SE,Southeast,Northeast,204,34.0,17.82894097222222,44.323911458333335,1726.7158174629512,SP>SE,14.378821321025377,2.364588810230476,0.16666666666666666,0.12178844641147099,0.2238666467943177,0.0022711585135044864,0.005555555555555556,0.06866039544511277,19.993279329196994,True,False,1.7278775855995099,3.1761154079619716,True
MG,RJ,Southeast,Southeast,1120,94.0,11.429623842592592,33.4403952546296,342.4925555107556,MG>RJ,72.61595946351568,1.2944812778687895,0.08392857142857142,0.06907730213225531,0.10162422993437926,0.012469105564338358,0.015359477124183006,0.06866039544511277,17.100357101473705,True,False,1.065421141023374,1.5674121552258873,True
MA,SP,Northeast,Southeast,123,25.0,13.472442129629629,31.93608796296296,2352.7556348231537,MA>SP,7.3121688429121185,3.418958251248967,0.2032520325203252,0.14163307280746557,0.28284532188527917,0.0013693749860835876,0.004084967320261438,0.06866039544511277,16.55477136025113,True,False,2.3824488095901644,4.757818827667279,True
RJ,SP,Southeast,Southeast,1288,103.0,9.580752314814815,26.22747974537035,369.3611361123269,RJ>SP,97.98163966980884,1.0512173540583998,0.07996894409937888,0.06637405151877404,0.09606187077486078,0.014339471398989112,0.016830065359477123,0.06866039544511277,14.56541066669476,False,False,0.8725081417730448,1.2627640236984623,False
SP,PB,Southeast,Northeast,332,35.0,18.784508101851852,39.967060185185176,2183.109996047169,SP>PB,19.921319608660994,1.7569117251039634,0.10542168674698796,0.07678241518451605,0.14308757668601746,0.0036961991494288706,0.005718954248366013,0.06866039544511277,12.20474871222256,True,False,1.2796221506418948,2.384634973634201,True
SC,RJ,South,Southeast,463,43.0,13.064768518518518,36.41974421296296,747.1126897216151,SC>RJ,28.054254463210178,1.53274434921767,0.09287257019438445,0.06968097341558095,0.12276435705623716,0.005154639175257732,0.007026143790849673,0.06866039544511277,11.21023690891279,True,False,1.1499963662809911,2.0260704982047044,True
PR,BA,South,Northeast,143,21.0,18.254722222222224,40.42222916666667,1793.249999257004,PR>BA,9.795967064683632,2.1437393430720166,0.14685314685314685,0.09810081645768931,0.21408253549790818,0.0015920375854467726,0.003431372549019608,0.06866039544511277,11.181563451348875,True,False,1.4320604245419264,3.1251434773162505,True
MG,BA,Southeast,Northeast,362,36.0,14.994033564814815,36.164812500000004,1025.6533757145774,MG>BA,22.594290070057514,1.5933229098314554,0.09944751381215469,0.07270064663303229,0.1346062536433124,0.0040301930484736475,0.0058823529411764705,0.06866039544511277,11.144936848869179,True,False,1.164791369835268,2.156627345572317,True
SP,GO,Southeast,Central-West,1391,106.0,14.11150462962963,30.0327025462963,796.1919953845814,SP>GO,106.10490015136932,0.9990113543180412,0.07620416966211359,0.06339852297734896,0.09134412354764251,0.015486183785709514,0.017320261437908498,0.06866039544511277,10.493389935848143,False,False,0.8311335794641368,1.197491121272508,False
SP,RN,Southeast,Northeast,328,33.0,17.91154513888889,42.03078009259259,2286.081549708227,SP>RN,20.509161171134206,1.609037040795512,0.10060975609756098,0.07253951183198357,0.13792683275587572,0.0036516666295562336,0.005392156862745098,0.06866039544511277,10.479390294003014,True,False,1.160113750258017,2.205843562612432,True
SP,TO,Southeast,North,191,21.0,15.949131944444444,33.60068287037037,1483.1357115880357,SP>TO,13.35976608959601,1.5718838083814854,0.1099476439790576,0.07304510364224662,0.16223058715865443,0.0021264278239184163,0.003431372549019608,0.06866039544511277,7.885864469983462,True,False,1.0443008284803728,2.3193551398653263,True
RJ,BA,Southeast,Northeast,135,15.0,14.230046296296296,34.80698611111111,1211.1281581353715,RJ>BA,9.45146579545727,1.5870554181352021,0.1111111111111111,0.06850037601571249,0.17524136444236246,0.0015029725457014985,0.0024509803921568627,0.06866039544511277,5.730846614909776,False,False,0.9784250361003165,2.5030598122769123,False
RJ,RS,Southeast,South,196,17.0,13.871857638888889,31.390928819444447,1132.231450719762,RJ>RS,15.08523197574325,1.1269299688155714,0.08673469387755102,0.05485711829174525,0.13450028053832946,0.002182093473759213,0.002777777777777778,0.06866039544511277,3.5425624927578987,False,False,0.7127497411024942,1.7475405766316507,False
RJ,SC,Southeast,South,109,11.0,12.4253125,33.815895833333315,772.1135848138946,RJ>SC,7.873202350628135,1.3971443270631048,0.10091743119266056,0.05728972859484754,0.17171704861951292,0.001213511166529358,0.0017973856209150326,0.06866039544511277,3.516016896482709,False,False,0.7931436458431912,2.3773246851751026,False
RJ,PR,Southeast,South,199,17.0,10.98826388888889,28.989689814814813,763.8593962136947,RJ>PR,15.607326251690555,1.0892320520408545,0.08542713567839195,0.05401934786128085,0.13253747854246167,0.0022154928636636904,0.002777777777777778,0.06866039544511277,3.336581306422559,False,False,0.688769495238205,1.6899088161941247,False
PR,ES,South,Southeast,104,9.0,15.925445601851852,33.13176273148147,1167.4658309501851,PR>ES,6.971417853977452,1.2909855912402621,0.08653846153846154,0.0461959485638481,0.15633709447491023,0.0011578455166885617,0.0014705882352941176,0.06866039544511277,1.859318873708272,False,False,0.6891537347598705,2.3322454866357307,False
ES,SP,Southeast,Southeast,100,8.0,10.054346064814816,24.26684837962962,740.9083504978935,ES>SP,7.286236912543717,1.097960455585447,0.08,0.041093461484380624,0.14998107700948735,0.001113312996815925,0.00130718954248366,0.06866039544511277,1.1339604554887233,False,False,0.5639874461621696,2.0584161455316594,False
RS,RJ,South,Southeast,238,17.0,11.062332175925926,29.856207175925906,1111.9080815532634,RS>RJ,14.052676425960062,1.209733967018214,0.07142857142857142,0.04507155257124251,0.11140062141093024,0.002649684932421901,0.002777777777777778,0.06866039544511277,0.6588258840631624,False,False,0.7633442332835085,1.886711619348343,False
MG,PE,Southeast,Northeast,108,8.0,14.297858796296296,31.97422106481479,1646.0233446320367,MG>PE,5.982753848527272,1.337176859109672,0.07407407407407407,0.03801024869807134,0.13939676145640315,0.0012023780365611988,0.00130718954248366,0.06866039544511277,0.5846772919278216,False,False,0.6861567370688711,2.5163746693335,False
MG,SC,Southeast,South,248,16.0,15.30890625,32.273971064814816,921.4179940468091,MG>SC,14.681904976384637,1.08977683929541,0.06451612903225806,0.040098667230277246,0.1022188804385222,0.0027610162321034934,0.00261437908496732,0.06866039544511277,-1.027778070387967,False,False,0.6773282819296346,1.726634410829426,False
RJ,GO,Southeast,Central-West,104,6.0,13.63379050925926,28.522865740740738,929.56150503729,RJ>GO,7.784857876783753,0.7707269798583463,0.057692307692307696,0.026706545635334457,0.12018926784798839,0.0011578455166885617,0.000980392156862745,0.06866039544511277,-1.140681126291728,False,False,0.3567798911728207,1.6056405979443429,False
RS,PR,South,South,137,7.0,8.409930555555556,19.614990740740694,542.7264903190105,RS>PR,9.04243930601529,0.7741273967239569,0.051094890510948905,0.02496794443140947,0.10170966150995021,0.001525238805637817,0.0011437908496732027,0.06866039544511277,-2.406474175980449,False,False,0.37828380941717915,1.5409806088047209,False
MG,ES,Southeast,Southeast,169,8.0,13.249768518518518,27.709592592592585,472.4718357203383,MG>ES,10.902423861884186,0.7337817811293037,0.047337278106508875,0.024178901084667415,0.09061681376334063,0.001881498964618913,0.00130718954248366,0.06866039544511277,-3.6036068302240576,False,False,0.3748005338147438,1.4046639279494972,False
RJ,MG,Southeast,Southeast,542,33.0,10.167887731481482,26.083991319444408,339.4214974371572,RJ>MG,43.505952091287604,0.7585169020265735,0.06088560885608856,0.043679288442596484,0.08427262450221461,0.006034156442742312,0.005392156862745098,0.06866039544511277,-4.213934331251117,False,False,0.544159435614977,1.0498738743691862,False
BA,SP,Northeast,Southeast,135,5.0,9.887141203703704,20.311859953703703,1464.683651080884,BA>SP,8.56029889062032,0.5840917547258302,0.037037037037037035,0.015921913773667362,0.08377063439070755,0.0015029725457014985,0.0008169934640522876,0.06866039544511277,-4.269153385090224,False,False,0.2510961809756778,1.3211028945656373,False
SP,RS,Southeast,South,3530,238.0,13.92137152777778,34.53268807870368,867.1528520441624,SP>RS,228.39150860984464,1.0420702654342955,0.06742209631728045,0.059611580897555486,0.07617307849144432,0.039299948787602144,0.03888888888888889,0.06866039544511277,-4.3711959212480735,False,False,0.921351594239176,1.177324711901343,False
SP,DF,Southeast,Central-West,1362,89.0,11.810625,26.372746527777778,862.0632358552401,SP>DF,105.50269044381325,0.8435803828850985,0.06534508076358296,0.053404369894852484,0.07973074446732328,0.015163323016632896,0.01454248366013072,0.06866039544511277,-4.51545859624359,False,False,0.6894303025904911,1.0292938834799383,False
PR,SC,South,South,380,21.0,11.360538194444445,27.852598379629637,406.20830921327274,PR>SC,30.509007846453198,0.6883213018820388,0.05526315789473684,0.036426375364684835,0.08300173164995708,0.0042305893879005145,0.003431372549019608,0.06866039544511277,-5.090950269142851,False,False,0.4537028115842001,1.0338146093023615,False
PE,SP,Northeast,Southeast,104,2.0,10.165746527777777,21.37692418981481,2114.7048325542655,PE>SP,10.43619171610791,0.19164078759813002,0.019230769230769232,0.0052897115850640206,0.0674231291576782,0.0011578455166885617,0.000326797385620915,0.06866039544511277,-5.140681126291728,False,True,0.05271367370508833,0.6718931218536106,False
SC,RS,South,South,283,14.0,11.387349537037037,24.180979166666667,396.21934843740866,SC>RS,21.428766962060646,0.653327371788905,0.04946996466431095,0.029693796679549397,0.08131337415135327,0.003150675780989067,0.0022875816993464053,0.06866039544511277,-5.430891910966913,False,False,0.3921524964637719,1.0738688290173144,False
DF,MG,Central-West,Southeast,100,1.0,8.246967592592593,18.466890046296292,618.4057302165756,DF>MG,7.734440236698551,0.12929183876231623,0.01,0.0017674320641406505,0.054486196178705315,0.001113312996815925,0.0001633986928104575,0.06866039544511277,-5.866039544511277,False,True,0.022851454146022073,0.7044620491109098,False
SP,MT,Southeast,Central-West,639,38.0,15.82712962962963,33.821098379629646,1331.4066485014523,SP>MT,41.19405700073231,0.9224631601428447,0.0594679186228482,0.04362984043159728,0.08057101457729546,0.0071140700496537595,0.006209150326797385,0.06866039544511277,-5.873992689427055,False,False,0.6767837417736021,1.2498132513138132,False
PR,DF,South,Central-West,146,4.0,11.93142361111111,23.746565393518516,1076.6660338116264,PR>DF,12.494798029097565,0.32013322589808196,0.0273972602739726,0.01070472314747331,0.0683218621106431,0.0016254369753512504,0.00065359477124183,0.06866039544511277,-6.024417734986464,False,True,0.12508322070444725,0.7983315812648102,False
MG,GO,Southeast,Central-West,149,4.0,12.603715277777777,26.07926851851851,662.5911500552216,MG>GO,9.593354124690139,0.4169553159416179,0.026845637583892617,0.010488186096238764,0.06698725094853536,0.001658836365255728,0.00065359477124183,0.06866039544511277,-6.230398921321802,False,True,0.1628981592910865,1.040418216778186,False
SC,SC,South,South,253,11.0,6.859155092592593,20.020965277777748,129.4207052520026,SC>SC,16.911953605106238,0.650427517532851,0.043478260869565216,0.02444831863899726,0.07616417180295484,0.00281668188194429,0.0017973856209150326,0.06866039544511277,-6.371080047613528,False,False,0.3657427616049478,1.1394032833870542,False
SP,RO,Southeast,North,167,5.0,18.024456018518517,32.94816898148147,2193.2609277885867,SP>RO,8.171617384730233,0.61187397360811,0.029940119760479042,0.012855039352347983,0.0681642806431653,0.0018592327046825946,0.0008169934640522876,0.06866039544511277,-6.466286039333832,False,True,0.26271317791428683,1.3930455051260828,False
MG,DF,Southeast,Central-West,183,6.0,10.939166666666667,21.807653935185186,619.6311464215548,MG>DF,12.302946052340141,0.4876880687336462,0.03278688524590164,0.01511147471989768,0.0696740911854546,0.0020373627841731422,0.000980392156862745,0.06866039544511277,-6.564852366455636,False,False,0.2247754206168586,1.0363663006156927,False
GO,SP,Central-West,Southeast,125,2.0,10.093738425925926,19.409777777777776,806.1047596348899,GO>SP,8.874371453025796,0.2253680737375583,0.016,0.004398800179193873,0.05646250093046615,0.001391641246019906,0.000326797385620915,0.06866039544511277,-6.582549430639096,False,True,0.06195932019633433,0.7953028170690155,False
MG,RS,Southeast,South,271,12.0,15.770196759259258,33.27589699074074,1283.7338700081746,MG>RS,17.468920585547444,0.6869342579717236,0.04428044280442804,0.025508954679325326,0.07579111460482812,0.003017078221371156,0.00196078431372549,0.06866039544511277,-6.606967165625559,False,False,0.3957271821257481,1.1757676702074695,False
RS,SC,South,South,114,0.0,8.029594907407407,16.24732638888889,360.1900696443758,RS>SC,7.559846313628938,0.0,0.0,0.0,0.03259853415884162,0.0012691768163701543,0.0,0.06866039544511277,-7.827285080742855,False,True,0.0,0.49157519080887885,False
RS,MG,South,Southeast,185,3.0,11.067094907407407,20.31066435185185,1299.997832965831,RS>MG,12.11280625385642,0.24767175641440428,0.016216216216216217,0.0055300416798543875,0.04658488521254289,0.0020596290441094608,0.0004901960784313725,0.06866039544511277,-9.702173157345861,False,True,0.0844608333801546,0.7114952211488244,False
RS,RS,South,South,285,8.0,5.929837962962963,16.41530555555556,98.92598401583703,RS>RS,16.6876041525414,0.47939775697409853,0.028070175438596492,0.014290825737415937,0.05440242523044886,0.0031729420409253857,0.00130718954248366,0.06866039544511277,-11.568212701857139,False,True,0.24406651176126273,0.9291142724233827,False
SC,PR,South,South,281,7.0,9.73261574074074,20.505983796296295,333.2796921081407,SC>PR,21.472917050382524,0.3259920384163781,0.02491103202846975,0.012118204189761197,0.05051824941696326,0.0031284095210527487,0.0011437908496732027,0.06866039544511277,-12.293571120076688,False,True,0.15858187172861243,0.6610945337728946,False
SC,MG,South,Southeast,421,15.0,13.118854166666667,27.396006944444444,937.470731691175,SC>MG,27.38351124944868,0.5477748950219815,0.035629453681710214,0.02170881473596012,0.057947862168016506,0.0046870477165950435,0.0024509803921568627,0.06866039544511277,-13.906026482392473,False,True,0.33375599354605107,0.8909029141843934,False
DF,SP,Central-West,Southeast,306,7.0,9.361064814814814,20.648070023148147,862.7919953085405,DF>SP,24.527691655478773,0.28539171554843007,0.02287581699346405,0.011124288561132983,0.04645825345439185,0.00340673777025673,0.0011437908496732027,0.06866039544511277,-14.010081006204505,False,True,0.13878323111365154,0.5795990000497423,False
PR,RS,South,South,562,24.0,12.18185763888889,25.12795081018517,620.5692608270134,PR>RS,43.28821409197343,0.5544234268710595,0.042704626334519574,0.028862901813380738,0.06275544465550506,0.006256819042105497,0.00392156862745098,0.06866039544511277,-14.587142240153376,False,True,0.37471979751014234,0.8147381599402457,False
RJ,RJ,Southeast,Southeast,931,45.0,5.129837962962963,14.159114583333334,38.02210102810473,RJ>RJ,63.373203215878526,0.7100793034985012,0.04833512352309345,0.036317986609379155,0.06406423107604044,0.01036494400035626,0.007352941176470588,0.06866039544511277,-18.922828159399984,False,True,0.5335385276037331,0.9411517187890788,False
MG,PR,Southeast,South,360,4.0,11.808292824074073,21.861253472222224,815.9350771601678,MG>PR,23.206496759301306,0.17236552511515016,0.011111111111111112,0.004329143343163391,0.02821651228133693,0.004007926788537329,0.00065359477124183,0.06866039544511277,-20.717742360240596,False,True,0.0671575559078803,0.4377198560661651,False
PR,MG,South,Southeast,801,32.0,12.180104166666666,27.184722222222224,838.2987849614466,PR>MG,58.67089797092024,0.5454152076530436,0.039950062421972535,0.028438809012903743,0.05585289598959431,0.008917637104495557,0.00522875816993464,0.06866039544511277,-22.99697675153533,False,True,0.388258690545803,0.7625274409442167,False
PR,PR,South,South,696,19.0,7.255173611111111,16.734583333333333,249.838195594156,PR>PR,50.942759417157035,0.37296762518131243,0.027298850574712645,0.017544993065903874,0.042242060549355434,0.007748658457838837,0.0031045751633986926,0.06866039544511277,-28.787635229798482,False,True,0.2397065905651833,0.5771276326356515,False
RS,SP,South,Southeast,656,8.0,8.468125,18.90154803240741,846.4728380313666,RS>SP,38.922304408221684,0.20553767618934027,0.012195121951219513,0.006192133182544924,0.02387790645418221,0.007303333259112467,0.00130718954248366,0.06866039544511277,-37.04121941199397,False,True,0.1043627665296054,0.402440371198443,False
SC,SP,South,Southeast,1285,48.0,10.3071875,24.769879629629628,488.51808243620724,SC>SP,88.5643637576539,0.5419787142754893,0.03735408560311284,0.028288964325199603,0.04917708717197235,0.014306072009084634,0.00784313725490196,0.06866039544511277,-40.228608146969904,False,True,0.4104508587376369,0.7135212667354961,False
MG,MG,Southeast,Southeast,1502,38.0,7.3200462962962956,18.54311400462963,238.90360316945453,MG>MG,100.7257871583002,0.37726188170939157,0.02529960053262317,0.018487246441912568,0.03453391216214279,0.01672196121217519,0.006209150326797385,0.06866039544511277,-65.12791395855938,False,True,0.27567760887401016,0.5149618338154054,False
SP,PR,Southeast,South,3069,138.0,11.116782407407408,25.67519212962963,419.3374656554355,SP>PR,227.68243368274858,0.606107365280048,0.044965786901270774,0.03818555068587336,0.0528837291877758,0.03416757587228073,0.022549019607843137,0.06866039544511277,-72.71875362105106,False,True,0.5147145221499136,0.7128356907122315,False
MG,SP,Southeast,Southeast,2501,91.0,9.287731481481481,22.895011574074076,467.1405690572524,MG>SP,170.20925672724064,0.5346360224451657,0.03638544582167133,0.02972920021005364,0.044463702564795135,0.02784395805036628,0.014869281045751633,0.06866039544511277,-80.71964900822704,False,True,0.43683129316811464,0.6533353253093395,False
PR,SP,South,Southeast,2862,88.0,9.54240162037037,22.203740740740734,468.9766236009601,PR>SP,224.83043742150485,0.391406079217915,0.030747728860936407,0.025025072447402916,0.03772838457554756,0.03186301796887177,0.01437908496732026,0.06866039544511277,-108.50605176391272,False,True,0.3185589912374408,0.4802669865058451,False
SP,MG,Southeast,Southeast,7307,391.0,10.807164351851851,25.105221064814806,488.58639924149213,SP>MG,555.6888577611589,0.7036311679440872,0.05351033255782127,0.04858089654396039,0.05890898177538942,0.08134978067733963,0.06388888888888888,0.06866039544511277,-110.70150951743898,False,True,0.6388118208396631,0.7746204082029329,False
SP,SP,Southeast,Southeast,30254,1424.0,6.566869212962963,18.324853009259257,94.32333462816129,SP>SP,1962.580496424135,0.7255753344102621,0.047068156276855955,0.04473867436155283,0.04951264434873582,0.3368217140566899,0.2326797385620915,0.06866039544511277,-653.2516037964415,False,True,0.6896653954324776,0.7632581414397838,False
