level,segment,n_delivered,n_late,late_rate,late_rate_lo,late_rate_hi,excess_late,excess_late_lo,oe_s1,excess_low,excess_low_after,tier,tier_excl_episodes,consistency,rank_excess_late,rank_excess_late_lo,rank_late_rate,rank_oe_s1,rank_excess_low,n_eligible_in_level
state,RJ,12310,1495,0.12144597887896019,0.11579351199923274,0.12733463520264104,659.3024645801066,589.7205972906617,1.7848421406091843,667.3293875017098,188.54823923731738,Investigate,Investigate,consistent,1.0,1.0,7.0,8.0,1.0,24
lane,SP>RJ,8031,1147,0.14282156643008342,0.13533989037384586,0.15064477660400855,595.5883641802994,535.5030237726555,2.031444802930529,584.2274820880245,151.4498104036096,Investigate,Investigate,consistent,1.0,1.0,7.0,8.0,1.0,70
lane,SP>BA,2275,297,0.13054945054945055,0.11732571276566951,0.1450187590301343,140.79760036236846,110.7135969042666,1.8584749825421722,122.92738186625724,55.36477895423806,Investigate,Investigate,consistent,2.0,2.0,9.0,10.0,2.0,70
lane,SP>CE,958,133,0.13883089770354906,0.11837417883457005,0.1621725332519983,67.22334116358198,47.625804487100076,2.026190595037037,40.71537018082566,0.3018239510312384,Watch,Watch,inconsistent,4.0,4.0,8.0,9.0,6.0,70
lane,SP>MA,483,93,0.19254658385093168,0.15986342475662196,0.2300817111415382,59.83702900001053,44.05106315745894,2.7100446381041894,47.23448694984646,15.855017834437902,Investigate,Investigate,consistent,6.0,5.0,3.0,3.0,5.0,70
lane,SP>AL,254,61,0.24015748031496062,0.1917439706328919,0.29631353337078237,43.56025955694136,31.263228097695897,3.9127530215803845,28.44686113954282,5.331112936437389,Investigate,Investigate,consistent,8.0,8.0,1.0,1.0,10.0,70
lane,SP>PE,1122,111,0.09893048128342247,0.08280506490674747,0.1177928585853048,33.963036310583476,15.870319135954135,1.5041686024825742,33.358847236438066,10.9648712207307,Investigate,Investigate,consistent,10.0,11.0,20.0,20.0,8.0,70
lane,SP>PI,326,54,0.1656441717791411,0.1292298311322595,0.20984658218633578,31.61671108489324,19.745636034009834,2.3507427910276917,14.453396878198568,-0.11313897359153202,Investigate,Watch,consistent,11.0,10.0,5.0,5.0,14.0,70
lane,SP>SE,204,34,0.16666666666666666,0.12178844641147099,0.2238666467943177,19.993279329196994,10.838122397137077,2.364588810230476,13.867579324462639,2.214598359456753,Watch,Watch,consistent,13.0,13.0,4.0,4.0,16.0,70
lane,SP>PB,332,35,0.10542168674698796,0.07678241518451605,0.14308757668601746,12.20474871222256,2.69651055348189,1.7569117251039634,8.591009894234048,3.7343062572434818,Watch,Watch,consistent,17.0,16.0,16.0,11.0,19.0,70
lane,PR>BA,143,21,0.14685314685314685,0.09810081645768931,0.21408253549790818,11.181563451348875,4.209980204798446,2.1437393430720166,9.875458461276015,3.3269159362235996,Watch,Watch,consistent,19.0,15.0,6.0,7.0,17.0,70
lane,MG>BA,362,36,0.09944751381215469,0.07270064663303229,0.1346062536433124,11.144936848869179,1.462570930026867,1.5933229098314554,2.0182638178096184,-5.507938293970049,Watch,Watch,consistent,20.0,17.0,19.0,15.0,29.0,70
lane,SP>RN,328,33,0.10060975609756098,0.07253951183198357,0.13792683275587572,10.479390294003014,1.2723501748936228,1.609037040795512,3.083802456499484,-3.7275550504652735,Watch,Watch,consistent,22.0,18.0,18.0,14.0,25.0,70
