state,orders_single_seller,late,excess,orders_in_investigate_lanes,late_in_investigate_lanes,excess_in_investigate_lanes,share_of_state_orders_in_investigate_lanes
AL,394,85,57.947804194625576,254,61,43.56025955694136,0.6446700507614214
BA,3217,396,175.11950785307224,2275,297,140.79760036236846,0.7071806030463165
CE,1262,176,89.35058094826769,0,0,0.0,0.0
ES,1965,214,79.08232295035342,1443,180,80.92304937270228,0.7343511450381679
MA,702,124,75.80040239753083,483,93,59.83702900001053,0.688034188034188
PA,933,105,40.93985104970979,672,81,34.86021426088422,0.7202572347266881
PE,1579,153,44.58523559216694,1122,111,33.963036310583476,0.7105763141228626
RJ,12154,1490,655.5015537600995,8031,1147,595.5883641802994,0.6607701168339641
SC,3497,291,50.894597128440665,2300,222,64.08109047624063,0.657706605661996
SE,329,51,28.4107298985579,0,0,0.0,0.0
