level,segment,excess_late,episode_late_share,population_episode_late_share,tier_excl_episodes
state,RJ,659.3024645801066,0.5752508361204013,0.48354003981013627,Investigate
state,BA,175.16132553038886,0.3787878787878788,0.48354003981013627,Investigate
state,CE,89.57896323399478,0.6079545454545454,0.48354003981013627,Investigate
state,ES,78.76770994667527,0.5,0.48354003981013627,Investigate
state,MA,76.59607288753989,0.568,0.48354003981013627,Investigate
state,AL,58.11647245927882,0.2823529411764706,0.48354003981013627,Investigate
state,SC,50.88121992037671,0.5223367697594502,0.48354003981013627,No Signal
state,PE,45.26222674968557,0.3333333333333333,0.48354003981013627,Investigate
state,PA,42.04979054707234,0.4811320754716981,0.48354003981013627,Investigate
state,SE,28.461284991112542,0.39215686274509803,0.48354003981013627,Watch
lane,SP>RJ,595.5883641802994,0.6050566695727986,0.4834305001534213,Investigate
lane,SP>BA,140.79760036236846,0.4208754208754209,0.4834305001534213,Investigate
lane,SP>ES,80.92304937270228,0.5333333333333333,0.4834305001534213,Investigate
lane,SP>SC,64.08109047624063,0.5495495495495496,0.4834305001534213,Watch
lane,SP>MA,59.83702900001053,0.5591397849462365,0.4834305001534213,Investigate
lane,SP>AL,43.56025955694136,0.26229508196721313,0.4834305001534213,Investigate
lane,SP>PA,34.86021426088422,0.5061728395061729,0.4834305001534213,Watch
lane,SP>PE,33.963036310583476,0.35135135135135137,0.4834305001534213,Investigate
lane,SP>PI,31.61671108489324,0.5,0.4834305001534213,Watch
seller,4a3ca9315b744ce9f8e9374361493884,53.131158420326344,0.6607142857142857,0.4834305001534213,No Signal
seller,06a2c3af7b3aee5d69171b0e14f0ee87,47.35976656729625,0.25675675675675674,0.4834305001534213,Investigate
seller,4869f7a5dfa277a7dca6462dcf3b52b2,41.71830066047971,0.7372881355932204,0.4834305001534213,No Signal
seller,1f50f920176fa81dab994f9023523100,30.347220612866195,0.6693548387096774,0.4834305001534213,No Signal
seller,8160255418d5aaa7dbdc9f4c64ebda44,26.62555961698497,0.9215686274509803,0.4834305001534213,No Signal
seller,88460e8ebdecbfecb5f9601833981930,26.414090233959403,0.8809523809523809,0.4834305001534213,No Signal
seller,7d13fca15225358621be4086e1eb0964,26.374103296078204,0.546875,0.4834305001534213,Watch
seller,7c67e1448b00f6e969d365cea6b010ab,22.880039186356413,0.4044943820224719,0.4834305001534213,Investigate
