segment,n_delivered,n_late,n_h1,late_h1,n_h2,late_h2,n_ep,late_ep,n_rev,n_low,n_rev_early,n_low_early,n_rev_after,n_low_after,n_rev_ontime,n_low_ontime,n_rev_late,n_low_late,late_rate,late_rate_lo,late_rate_hi,expected_late,excess_late,excess_late_lo,excess_late_hi,signal,below_signal,exp_s1,oe_s1,excess_vs_s1,coverage,low_rate,low_rate_lo,low_rate_hi,expected_low,excess_low,excess_low_lo,excess_low_hi,expected_low_after,excess_low_after,expected_low_ontime,excess_low_ontime,low_ontime_rate,low_ontime_rate_lo,low_ontime_rate_hi,early_review_share,episode_late_share,rate_h1,rate_h2,consistency,tier_x10,tier_x20,tier_x30,tier,tier_no_consistency_rule,eligible,low_confidence,rank_excess_late,rank_excess_late_lo,rank_late_rate,rank_oe_s1,rank_excess_low,level,region
RJ,12310,1495.0,4210,182.0,8100,1313.0,2755,860.0,12103,2214,1237,994,10866,1220,10655,1157,1448,1057,0.12144597887896019,0.11579351199923274,0.12733463520264104,835.6975354198934,659.3024645801066,589.7205972906617,731.7918239246179,True,False,837.6090893336604,1.7848421406091843,657.3909106663396,0.9831844029244516,0.18292985210278442,0.17614312620685152,0.1899177885160206,1546.6706124982902,667.3293875017098,585.1896439832339,751.9043819111071,1031.4517607626826,188.54823923731738,983.3591732722946,173.64082672770542,0.10858751759737213,0.10282050500234916,0.11463666121739707,0.10220606461207965,0.5752508361204013,0.04323040380047506,0.16209876543209878,consistent,Investigate,Investigate,Investigate,Investigate,Investigate,True,False,1.0,1.0,7.0,8.0,1.0,state,Southeast
BA,3253,396.0,1096,93.0,2157,303.0,686,150.0,3209,547,315,221,2894,326,2829,318,380,229,0.12173378419920074,0.11094138387201405,0.13341851785586104,220.83867446961114,175.16132553038886,140.05364726605058,213.17176411550483,True,False,221.40891497127473,1.7885458679537654,174.59108502872527,0.9864740239778665,0.17045808663134934,0.15784350105510508,0.18386071089927752,410.0855982406852,136.91440175931479,96.43419664514701,179.92342303509636,274.71207395980156,51.28792604019844,261.09085886319303,56.909141136806966,0.11240721102863202,0.1012892959936059,0.1245763121322575,0.09816142100342785,0.3787878787878788,0.08485401459854014,0.1404728789986092,consistent,Investigate,Investigate,Investigate,Investigate,Investigate,True,False,2.0,2.0,6.0,7.0,2.0,state,Northeast
CE,1273,176.0,458,22.0,815,154.0,280,107.0,1264,217,148,115,1116,102,1091,99,173,118,0.13825608798114689,0.12038053678839306,0.1583082983543454,86.42103676600522,89.57896323399478,66.82338656561915,115.10542703907647,True,False,84.00580540694993,2.095093299176193,91.99419459305007,0.992930086410055,0.17167721518987342,0.15189084073606057,0.1934531735131345,161.52950955943476,55.47049044056524,30.46051313094582,82.99530176116728,105.93596217662008,-3.9359621766200803,100.68933440075772,-1.6893344007577156,0.09074243813015583,0.07510333203724232,0.10925345971058498,0.11708860759493671,0.6079545454545454,0.048034934497816595,0.18895705521472392,consistent,Investigate,Investigate,Investigate,Investigate,Investigate,True,False,3.0,3.0,5.0,5.0,3.0,state,Northeast
ES,1992,214.0,669,29.0,1323,185.0,450,107.0,1957,271,158,101,1799,170,1752,156,205,115,0.10742971887550201,0.09457903789321936,0.12179158458891975,135.23229005332473,78.76770994667527,53.16915342996823,107.37654644780342,True,False,142.5814025582408,1.5008970045205339,71.4185974417592,0.982429718875502,0.13847726111394992,0.12388116139658219,0.1544898697570424,250.089596683397,20.91040331660301,-7.654163830285648,52.247078431134995,170.76953042628992,-0.7695304262899185,161.6935965812351,-5.693596581235113,0.08904109589041095,0.07658848487556424,0.10329191220358214,0.0807358201328564,0.5,0.043348281016442454,0.1398337112622827,consistent,Investigate,Investigate,Investigate,Investigate,Investigate,True,False,4.0,5.0,9.0,11.0,8.0,state,Southeast
MA,713,125.0,274,23.0,439,102.0,157,71.0,705,142,97,69,608,73,583,63,122,79,0.1753155680224404,0.14916621633861446,0.20494480179125116,48.40392711246011,76.59607288753989,57.951585136972,97.72171656470196,True,False,48.866479453199986,2.557990700347341,76.13352054680001,0.9887798036465638,0.20141843971631207,0.17346773317816877,0.23260538125221253,90.09359512610878,51.90640487389122,32.201156764500205,73.89319865670106,57.714215952853955,15.285784047146045,53.80557466144981,9.19442533855019,0.10806174957118353,0.08537833657220767,0.13587641097344313,0.1375886524822695,0.568,0.08394160583941605,0.23234624145785876,consistent,Investigate,Investigate,Investigate,Investigate,Investigate,True,False,5.0,4.0,2.0,2.0,4.0,state,Northeast
AL,396,85.0,160,36.0,236,49.0,80,24.0,389,82,68,50,321,32,308,28,81,54,0.21464646464646464,0.17705094451919098,0.25772502727079794,26.883527540721182,58.11647245927882,43.22864648887845,75.1755832585148,True,False,23.866544995589763,3.561470670166416,61.13345500441024,0.9823232323232324,0.21079691516709512,0.173192404635301,0.25405745673257096,49.71121773625009,32.28878226374991,17.660627666881997,49.11713293272001,30.470827830371906,1.5291721696280938,28.425586613596128,-0.4255866135961277,0.09090909090909091,0.06364583080134878,0.12825122819458928,0.17480719794344474,0.2823529411764706,0.225,0.2076271186440678,consistent,Investigate,Investigate,Investigate,Investigate,Investigate,True,False,6.0,6.0,1.0,1.0,7.0,state,Northeast
SC,3537,291.0,1173,73.0,2364,218.0,789,152.0,3496,451,212,151,3284,300,3214,283,282,168,0.08227311280746395,0.0736642994248126,0.09178830997154637,240.1187800796233,50.88121992037671,20.43184698593889,84.53647228973622,True,False,254.66176366215973,1.1426921569036466,36.33823633784027,0.988408255583828,0.1290045766590389,0.11829891657708172,0.14052465285566804,446.7619979586898,4.23800204131021,-33.188985605212075,44.512188424725686,311.73270590324404,-11.732705903244039,296.6228421301882,-13.62284213018819,0.0880522713130056,0.07874084728009371,0.09834726166282949,0.06064073226544622,0.5223367697594502,0.06223358908780904,0.0922165820642978,consistent,Investigate,Investigate,Investigate,Investigate,Investigate,True,False,7.0,9.0,15.0,15.0,15.0,state,South
PE,1587,153.0,509,45.0,1078,108.0,353,51.0,1562,233,120,95,1442,138,1413,128,149,105,0.09640831758034027,0.08284650505968315,0.11191926314602012,107.73777325031443,45.26222674968557,23.739630279402718,69.8780973624195,True,False,103.68689967667554,1.4755962467495543,49.31310032332446,0.984247006931317,0.14916773367477593,0.13236196173486686,0.16769489023694956,199.61162494607362,33.38837505392638,7.137759283788407,62.327793604041574,136.8814134934464,1.118586506553612,130.40699313315366,-2.4069931331536623,0.09058740268931352,0.0767110658406225,0.10668380674940799,0.07682458386683738,0.3333333333333333,0.08840864440078586,0.10018552875695733,consistent,Investigate,Investigate,Investigate,Investigate,Investigate,True,False,8.0,8.0,13.0,13.0,6.0,state,Northeast
PA,942,106.0,362,17.0,580,89.0,193,51.0,923,167,87,70,836,97,823,94,100,73,0.11252653927813164,0.09389955379798602,0.1343009091948419,63.95020945292766,42.04979054707234,24.503170224775168,62.5612470086134,True,False,48.89248579165449,2.1680223102522893,57.10751420834551,0.9798301486199575,0.180931744312026,0.1574354131063354,0.20707294547589822,117.95232383177078,49.047676168229216,27.360562465376802,73.17600484248327,79.35704693517418,17.642953064825818,75.95538241230393,18.044617587696067,0.11421628189550426,0.09425437377363155,0.13776284884400714,0.09425785482123511,0.4811320754716981,0.04696132596685083,0.15344827586206897,consistent,Investigate,Investigate,Investigate,Investigate,Investigate,True,False,9.0,7.0,8.0,4.0,5.0,state,North
PI,475,66.0,163,5.0,312,61.0,97,32.0,469,76,49,34,420,42,404,35,65,41,0.13894736842105262,0.11072799803949035,0.1729597577267893,32.24665550970344,33.75334449029656,20.349143559054475,49.90922941052147,True,False,32.29448073792928,2.0436928692426446,33.70551926207072,0.9873684210526316,0.16204690831556504,0.13146526772791683,0.19811974626255613,59.93460441722697,16.06539558277303,1.7226061471660217,32.98355657991185,39.86837286216885,2.1316271378311527,37.28550971393778,-2.2855097139377776,0.08663366336633663,0.06295056697511994,0.11810375505043513,0.1044776119402985,0.48484848484848486,0.03067484662576687,0.1955128205128205,inconsistent,Watch,Watch,Watch,Watch,Investigate,True,False,10.0,10.0,4.0,6.0,10.0,state,Northeast
SE,332,51.0,140,17.0,192,34.0,58,20.0,331,63,42,31,289,32,281,29,50,34,0.1536144578313253,0.1188096120571808,0.1963434342413791,22.538715008887458,28.461284991112542,16.906076194096567,42.6473051592504,True,False,20.91877671011555,2.438001069887527,30.08122328988445,0.9969879518072289,0.1903323262839879,0.1516878572830273,0.23608210190301115,42.29926239254185,20.70073760745815,7.909418368140186,35.84391333735484,27.433237517063805,4.566762482936195,25.93373324162504,3.0662667583749617,0.10320284697508897,0.07282153562798219,0.1442868132645255,0.1268882175226586,0.39215686274509803,0.12142857142857143,0.17708333333333334,consistent,Investigate,Investigate,Watch,Investigate,Investigate,True,False,11.0,11.0,3.0,3.0,9.0,state,Northeast
MS,701,68.0,212,3.0,489,65.0,165,40.0,688,93,51,37,637,56,620,52,68,41,0.09700427960057062,0.07724107511339709,0.12116022076762262,47.58927476274128,20.410725237258717,6.556718891750074,37.34403999536217,True,False,53.150662753764415,1.2793819771360024,14.849337246235585,0.9814550641940085,0.13517441860465115,0.11164224213558759,0.1627579927741501,87.92112545640119,5.078874543598815,-11.111262867116931,24.056373572214078,60.46703217428942,-4.467032174289422,57.22033668970649,-5.2203366897064925,0.08387096774193549,0.06453117982087539,0.10833559152926367,0.07412790697674419,0.5882352941176471,0.014150943396226415,0.1329243353783231,inconsistent,Watch,Watch,Watch,Watch,Investigate,True,False,12.0,13.0,12.0,14.0,14.0,state,Central-West
PB,516,54.0,183,21.0,333,33.0,101,13.0,510,76,41,30,469,46,458,44,52,32,0.10465116279069768,0.08109734497825016,0.13404797851021552,35.03005103790942,18.969948962090577,6.816178970867664,34.138705873361786,True,False,30.714759056959682,1.7581124403371837,23.285240943040318,0.9883720930232558,0.14901960784313725,0.12074154567041648,0.1825455016191547,65.17409009122763,10.825909908772374,-3.5959017993152225,27.92411573454127,44.519683029421884,1.4803169705781158,42.269216457879956,1.7307835421200437,0.09606986899563319,0.07234457127772997,0.12651470622241057,0.0803921568627451,0.24074074074074073,0.11475409836065574,0.0990990990990991,consistent,Investigate,Watch,Watch,Watch,Watch,True,False,13.0,12.0,10.0,9.0,11.0,state,Northeast
RN,470,44.0,158,13.0,312,31.0,102,17.0,465,61,36,29,429,32,422,29,43,32,0.09361702127659574,0.07047750042682406,0.1233456805360046,31.90721703065393,12.092782969346072,1.2172081699533794,26.065252821268235,True,False,29.306450959813056,1.5013759277892678,14.693549040186944,0.9893617021276596,0.13118279569892474,0.10349675151232696,0.16491265736808852,59.42343508317813,1.576564916821873,-11.297445629946095,17.260950592983033,40.72269513778675,-8.72269513778675,38.94674529525184,-9.946745295251837,0.06872037914691943,0.048270547674607825,0.09695124212471103,0.07741935483870968,0.38636363636363635,0.08227848101265822,0.09935897435897435,consistent,Investigate,Watch,Watch,Watch,Watch,True,False,14.0,14.0,14.0,10.0,16.0,state,Northeast
TO,274,27.0,99,2.0,175,25.0,57,17.0,273,33,20,13,253,20,246,21,27,12,0.09854014598540146,0.0686086544081462,0.13957287136631466,18.601228651913143,8.398771348086857,0.19754265591891784,19.641738102457076,True,False,18.27141455745435,1.4777180997726622,8.72858544254565,0.9963503649635036,0.12087912087912088,0.08738102757993901,0.16489859527065917,34.88730704883361,-1.8873070488336126,-11.032286519510262,10.130009460056343,24.015948414592188,-4.015948414592188,22.70355294462548,-1.7035529446254785,0.08536585365853659,0.0565111833406259,0.12697100987532695,0.07326007326007326,0.6296296296296297,0.020202020202020204,0.14285714285714285,inconsistent,Watch,Watch,Watch,Watch,Watch,True,False,15.0,15.0,11.0,12.0,19.0,state,North
RR,40,5.0,16,2.0,24,3.0,10,2.0,40,6,5,4,35,2,35,2,5,4,0.125,0.05459500250945401,0.261121198388511,2.715507832396079,2.284492167603921,-0.5317077320179187,7.729340103144361,False,False,1.6229576642728694,3.080795087923714,3.377042335727131,1.0,0.15,0.07061187717320358,0.2907232436648971,5.111693340488442,0.8883066595115583,-2.2872182535602983,6.517236406107443,3.3223644051807373,-1.3223644051807373,3.23018029699956,-1.2301802969995599,0.05714285714285714,0.015813161857108654,0.1860705742016492,0.125,0.4,0.125,0.125,unverified,Insufficient Data,Insufficient Data,Insufficient Data,Insufficient Data,Insufficient Data,False,False,,,,,,state,North
AC,80,3.0,43,1.0,37,2.0,10,1.0,80,12,4,3,76,9,77,10,3,2,0.0375,0.012834568919911402,0.10454720090045115,5.431015664792158,-2.4310156647921577,-4.404250151199246,2.9327604072439337,False,False,3.321754446656465,0.9031371969772392,-0.321754446656465,1.0,0.15,0.08794040506163547,0.24413228561323347,10.223386680976883,1.7766133190231166,-3.1881542760460446,9.307196168081795,7.214276994106744,1.7857230058932556,7.106396653399032,2.893603346600968,0.12987012987012986,0.07209829006235102,0.2228179468350352,0.05,0.3333333333333333,0.023255813953488372,0.05405405405405406,inconsistent,Insufficient Data,Insufficient Data,Insufficient Data,Insufficient Data,Insufficient Data,False,False,,,,,,state,North
AP,67,2.0,20,2.0,47,0.0,11,0.0,66,4,1,0,65,4,64,4,2,0,0.029850746268656716,0.008224694838897963,0.10246555563352011,4.548475619263432,-2.5484756192634324,-3.997421065057269,2.316716608182415,False,False,2.7947370422059006,0.7156308338838883,-0.7947370422059006,0.9850746268656716,0.06060606060606061,0.023818614832318334,0.14572908678564217,8.434294011805928,-4.434294011805928,-6.862265432872918,1.1838257160464551,6.170105323907084,-2.1701053239070838,5.906615400227767,-1.9066154002277669,0.0625,0.024571201396618017,0.14997485092208662,0.015151515151515152,0.0,0.1,0.0,unverified,Insufficient Data,Insufficient Data,Insufficient Data,Insufficient Data,Insufficient Data,False,False,,,,,,state,North
GO,1950,128.0,639,19.0,1311,109.0,440,71.0,1922,255,88,65,1834,190,1800,177,122,78,0.06564102564102564,0.055480709860946054,0.07750933272804172,132.38100682930886,-4.381006829308859,-24.19362260046405,18.762191990372507,False,False,142.84512961873017,0.8960753533679902,-14.84512961873017,0.9856410256410256,0.13267429760665972,0.11823895345024119,0.1485750443828667,245.6168650104696,9.38313498953039,-18.361596479106044,39.9443702934002,174.09189483147065,15.908105168529346,166.12355813140596,10.876441868594043,0.09833333333333333,0.08542099866978542,0.11295644579511882,0.045785639958376693,0.5546875,0.0297339593114241,0.08314263920671243,inconsistent,No Signal,No Signal,No Signal,No Signal,No Signal,True,False,16.0,19.0,16.0,18.0,12.0,state,Central-West
AM,145,4.0,57,1.0,88,3.0,26,3.0,143,18,4,3,139,15,139,15,4,3,0.027586206896551724,0.010778902912521017,0.0687786270560562,9.843715892435787,-5.843715892435787,-8.28077497012024,0.12918503069236184,False,False,5.906699137046238,0.6771971802173555,-1.906699137046238,0.9862068965517241,0.1258741258741259,0.08112491035257627,0.1901980466696904,18.27430369224618,-0.27430369224617834,-6.673441511827771,8.924016981519548,13.194532923432071,1.805467076567929,12.828430322369682,2.171569677630318,0.1079136690647482,0.0664951944742684,0.1704210278892584,0.027972027972027972,0.75,0.017543859649122806,0.03409090909090909,inconsistent,No Signal,No Signal,No Signal,No Signal,No Signal,True,False,17.0,16.0,24.0,21.0,18.0,state,North
MT,885,53.0,287,11.0,598,42.0,192,30.0,875,112,39,25,836,87,824,85,51,27,0.059887005649717516,0.04607473570513203,0.07750349945778519,60.08061079176325,-7.080610791763249,-19.304469692721405,8.509986228376642,False,False,56.067711788713396,0.9452855896763931,-3.067711788713396,0.9887005649717514,0.128,0.10747827749578368,0.15177378274091888,111.81829182318465,0.18170817681534857,-17.774799014373937,20.983768075119364,79.35704693517418,7.642953064825818,76.0476732779325,8.952326722067497,0.10315533980582524,0.08419567235573613,0.12579798883192758,0.044571428571428574,0.5660377358490566,0.03832752613240418,0.07023411371237458,inconsistent,No Signal,No Signal,No Signal,No Signal,No Signal,True,False,18.0,18.0,18.0,16.0,17.0,state,Central-West
RO,243,7.0,106,3.0,137,4.0,43,3.0,242,29,4,3,238,26,235,25,7,4,0.02880658436213992,0.014022572831742262,0.058256447499498674,16.49671008180618,-9.496710081806182,-13.089224883692811,-2.3403933394280023,False,True,11.299526452708282,0.6194949876259843,-4.299526452708282,0.9958847736625515,0.11983471074380166,0.08474576745796637,0.16680439465605912,30.92574470995507,-1.9257447099550689,-10.417268985127208,9.440918796811237,22.592077955229016,3.4079220447709844,21.68835342271133,3.31164657728867,0.10638297872340426,0.07310208410068161,0.15232552418199355,0.01652892561983471,0.42857142857142855,0.02830188679245283,0.029197080291970802,inconsistent,No Signal,No Signal,No Signal,No Signal,No Signal,True,False,19.0,17.0,23.0,23.0,20.0,state,North
DF,2074,118.0,595,14.0,1479,104.0,474,65.0,2045,268,96,77,1949,191,1927,183,118,85,0.05689488910318226,0.047720475418313923,0.0677077050150572,140.7990811097367,-22.799081109736704,-41.82681509215362,-0.37330090850806996,False,True,154.65343389253067,0.7629963139518693,-36.65343389253067,0.9860173577627772,0.1310513447432763,0.11711466785885624,0.14637153625740804,261.33532203247154,6.664677967528462,-21.835826261110544,37.994469613927876,185.00823501992164,5.991764980078358,177.84449806623292,5.155501933767084,0.09496626881162429,0.0826707782477587,0.10887340945918195,0.0469437652811736,0.5508474576271186,0.023529411764705882,0.07031778228532792,inconsistent,No Signal,No Signal,No Signal,No Signal,No Signal,True,False,20.0,20.0,19.0,19.0,13.0,state,Central-West
RS,5327,325.0,1903,49.0,3424,276.0,1179,178.0,5273,629,259,185,5014,444,4956,424,317,205,0.06100994931481134,0.054893390304202615,0.06775918975683318,361.6377555793478,-36.63775557934781,-69.2206654288605,-0.6845517446974966,False,True,349.5475015186724,0.9297734888333593,-24.54750151867239,0.9898629622676929,0.11928693343447752,0.11081439576936992,0.12831377752668724,673.8489746098887,-44.84897460988873,-89.52466571800116,2.7495742883330436,475.95243221646336,-31.952432216463365,457.3935300551377,-33.39353005513772,0.08555286521388217,0.07808310160937312,0.09366461772664722,0.04911814906125545,0.5476923076923077,0.025748817656332107,0.08060747663551401,inconsistent,No Signal,No Signal,No Signal,No Signal,No Signal,True,False,21.0,21.0,17.0,17.0,21.0,state,South
PR,4903,199.0,1567,25.0,3336,174.0,1069,111.0,4861,526,148,88,4713,438,4668,426,193,100,0.0405873954721599,0.03541400629496395,0.0464801128024304,332.8533725559494,-133.85337255594942,-159.21849969174116,-104.96137948563316,False,True,354.55807126356274,0.561262078425715,-155.55807126356274,0.9914338160310014,0.10820818761571693,0.09978285820795954,0.11725226364709981,621.1985332028578,-95.19853320285779,-136.1540594539665,-51.23527961430563,447.38009833190904,-9.38009833190904,430.81376075411276,-4.813760754112764,0.09125964010282776,0.08333111319308267,0.09986034704040153,0.0304464102036618,0.5577889447236181,0.01595405232929164,0.052158273381294966,inconsistent,No Signal,No Signal,No Signal,No Signal,No Signal,True,False,22.0,22.0,22.0,24.0,22.0,state,South
MG,11319,519.0,3649,54.0,7670,465.0,2568,307.0,11185,1310,368,261,10817,1049,10682,1014,503,296,0.04585210707659687,0.042150469340919525,0.04986189898638592,768.4208288722805,-249.42082887228048,-291.3196664024124,-204.03399424537827,False,True,827.7545077766869,0.6269974915558137,-308.75450777668686,0.98816149836558,0.11712114438980778,0.11129282919386844,0.12321236676207172,1429.3572503340804,-119.35725033408039,-184.54695580066183,-51.22692810030826,1026.8004505954295,22.19954940457046,985.8510266442657,28.148973355734256,0.09492604381202022,0.08951226961882132,0.10063105850846411,0.03290120697362539,0.5915221579961464,0.014798574952041656,0.060625814863103,inconsistent,No Signal,No Signal,No Signal,No Signal,No Signal,True,False,23.0,23.0,20.0,22.0,23.0,state,Southeast
SP,40399,1817.0,11877,376.0,28522,1441.0,8501,675.0,39961,4250,1237,838,38724,3412,38181,3284,1780,966,0.044976360801009925,0.042998277073722745,0.047040970847204995,2742.59502302423,-925.5950230242302,-1005.5076275229048,-842.1868417679954,False,True,2670.3920387727726,0.680424437168048,-853.3920387727726,0.989158147478898,0.10635369485248117,0.10336878275659743,0.1094142822677679,5106.709439481465,-856.7094394814649,-975.9895117450751,-734.4053057791917,3675.863977891968,-263.8639778919678,3523.757540564006,-239.75754056400592,0.08601136691024332,0.0832404759601026,0.08886555375611087,0.030955181301769226,0.37149146945514583,0.03165782605034941,0.050522403758502206,inconsistent,No Signal,No Signal,No Signal,No Signal,No Signal,True,False,24.0,24.0,21.0,20.0,24.0,state,Southeast
