segment,n_delivered,n_late,n_h1,late_h1,n_h2,late_h2,n_ep,late_ep,n_rev,n_low,n_rev_early,n_low_early,n_rev_after,n_low_after,n_rev_ontime,n_low_ontime,n_rev_late,n_low_late,late_rate,late_rate_lo,late_rate_hi,expected_late,excess_late,excess_late_lo,excess_late_hi,signal,below_signal,exp_s1,oe_s1,excess_vs_s1,coverage,low_rate,low_rate_lo,low_rate_hi,expected_low,excess_low,excess_low_lo,excess_low_hi,expected_low_after,excess_low_after,expected_low_ontime,excess_low_ontime,low_ontime_rate,low_ontime_rate_lo,low_ontime_rate_hi,early_review_share,episode_late_share,rate_h1,rate_h2,consistency,tier_x10,tier_x20,tier_x30,tier,tier_no_consistency_rule,eligible,low_confidence,rank_excess_late,rank_excess_late_lo,rank_late_rate,rank_oe_s1,rank_excess_low,level,region,origin_state,destination_state,origin_region,destination_region,northeast_bound,northeast_origin
RJ,12310,1495.0,4210,182.0,8100,1313.0,2755,860.0,12103,2214,1237,994,10866,1220,10655,1157,1448,1057,0.12144597887896019,0.11579351199923274,0.12733463520264104,835.6975354198934,659.3024645801066,589.7205972906617,731.7918239246179,True,False,837.6090893336604,1.7848421406091843,657.3909106663396,0.9831844029244516,0.18292985210278442,0.17614312620685152,0.1899177885160206,1546.6706124982902,667.3293875017098,585.1896439832339,751.9043819111071,1031.4517607626826,188.54823923731738,983.3591732722946,173.64082672770542,0.10858751759737213,0.10282050500234916,0.11463666121739707,0.10220606461207965,0.5752508361204013,0.04323040380047506,0.16209876543209878,consistent,Investigate,Investigate,Investigate,Investigate,Investigate,True,False,1.0,1.0,7.0,8.0,1.0,state,Southeast,,,,,,
BA,3253,396.0,1096,93.0,2157,303.0,686,150.0,3209,547,315,221,2894,326,2829,318,380,229,0.12173378419920074,0.11094138387201405,0.13341851785586104,220.83867446961114,175.16132553038886,140.05364726605058,213.17176411550483,True,False,221.40891497127473,1.7885458679537654,174.59108502872527,0.9864740239778665,0.17045808663134934,0.15784350105510508,0.18386071089927752,410.0855982406852,136.91440175931479,96.43419664514701,179.92342303509636,274.71207395980156,51.28792604019844,261.09085886319303,56.909141136806966,0.11240721102863202,0.1012892959936059,0.1245763121322575,0.09816142100342785,0.3787878787878788,0.08485401459854014,0.1404728789986092,consistent,Investigate,Investigate,Investigate,Investigate,Investigate,True,False,2.0,2.0,6.0,7.0,2.0,state,Northeast,,,,,,
CE,1273,176.0,458,22.0,815,154.0,280,107.0,1264,217,148,115,1116,102,1091,99,173,118,0.13825608798114689,0.12038053678839306,0.1583082983543454,86.42103676600522,89.57896323399478,66.82338656561915,115.10542703907647,True,False,84.00580540694993,2.095093299176193,91.99419459305007,0.992930086410055,0.17167721518987342,0.15189084073606057,0.1934531735131345,161.52950955943476,55.47049044056524,30.46051313094582,82.99530176116728,105.93596217662008,-3.9359621766200803,100.68933440075772,-1.6893344007577156,0.09074243813015583,0.07510333203724232,0.10925345971058498,0.11708860759493671,0.6079545454545454,0.048034934497816595,0.18895705521472392,consistent,Investigate,Investigate,Investigate,Investigate,Investigate,True,False,3.0,3.0,5.0,5.0,3.0,state,Northeast,,,,,,
ES,1992,214.0,669,29.0,1323,185.0,450,107.0,1957,271,158,101,1799,170,1752,156,205,115,0.10742971887550201,0.09457903789321936,0.12179158458891975,135.23229005332473,78.76770994667527,53.16915342996823,107.37654644780342,True,False,142.5814025582408,1.5008970045205339,71.4185974417592,0.982429718875502,0.13847726111394992,0.12388116139658219,0.1544898697570424,250.089596683397,20.91040331660301,-7.654163830285648,52.247078431134995,170.76953042628992,-0.7695304262899185,161.6935965812351,-5.693596581235113,0.08904109589041095,0.07658848487556424,0.10329191220358214,0.0807358201328564,0.5,0.043348281016442454,0.1398337112622827,consistent,Investigate,Investigate,Investigate,Investigate,Investigate,True,False,4.0,5.0,9.0,11.0,8.0,state,Southeast,,,,,,
MA,713,125.0,274,23.0,439,102.0,157,71.0,705,142,97,69,608,73,583,63,122,79,0.1753155680224404,0.14916621633861446,0.20494480179125116,48.40392711246011,76.59607288753989,57.951585136972,97.72171656470196,True,False,48.866479453199986,2.557990700347341,76.13352054680001,0.9887798036465638,0.20141843971631207,0.17346773317816877,0.23260538125221253,90.09359512610878,51.90640487389122,32.201156764500205,73.89319865670106,57.714215952853955,15.285784047146045,53.80557466144981,9.19442533855019,0.10806174957118353,0.08537833657220767,0.13587641097344313,0.1375886524822695,0.568,0.08394160583941605,0.23234624145785876,consistent,Investigate,Investigate,Investigate,Investigate,Investigate,True,False,5.0,4.0,2.0,2.0,4.0,state,Northeast,,,,,,
AL,396,85.0,160,36.0,236,49.0,80,24.0,389,82,68,50,321,32,308,28,81,54,0.21464646464646464,0.17705094451919098,0.25772502727079794,26.883527540721182,58.11647245927882,43.22864648887845,75.1755832585148,True,False,23.866544995589763,3.561470670166416,61.13345500441024,0.9823232323232324,0.21079691516709512,0.173192404635301,0.25405745673257096,49.71121773625009,32.28878226374991,17.660627666881997,49.11713293272001,30.470827830371906,1.5291721696280938,28.425586613596128,-0.4255866135961277,0.09090909090909091,0.06364583080134878,0.12825122819458928,0.17480719794344474,0.2823529411764706,0.225,0.2076271186440678,consistent,Investigate,Investigate,Investigate,Investigate,Investigate,True,False,6.0,6.0,1.0,1.0,7.0,state,Northeast,,,,,,
SC,3537,291.0,1173,73.0,2364,218.0,789,152.0,3496,451,212,151,3284,300,3214,283,282,168,0.08227311280746395,0.0736642994248126,0.09178830997154637,240.1187800796233,50.88121992037671,20.43184698593889,84.53647228973622,True,False,254.66176366215973,1.1426921569036466,36.33823633784027,0.988408255583828,0.1290045766590389,0.11829891657708172,0.14052465285566804,446.7619979586898,4.23800204131021,-33.188985605212075,44.512188424725686,311.73270590324404,-11.732705903244039,296.6228421301882,-13.62284213018819,0.0880522713130056,0.07874084728009371,0.09834726166282949,0.06064073226544622,0.5223367697594502,0.06223358908780904,0.0922165820642978,consistent,Investigate,Investigate,Investigate,Investigate,Investigate,True,False,7.0,9.0,15.0,15.0,15.0,state,South,,,,,,
PE,1587,153.0,509,45.0,1078,108.0,353,51.0,1562,233,120,95,1442,138,1413,128,149,105,0.09640831758034027,0.08284650505968315,0.11191926314602012,107.73777325031443,45.26222674968557,23.739630279402718,69.8780973624195,True,False,103.68689967667554,1.4755962467495543,49.31310032332446,0.984247006931317,0.14916773367477593,0.13236196173486686,0.16769489023694956,199.61162494607362,33.38837505392638,7.137759283788407,62.327793604041574,136.8814134934464,1.118586506553612,130.40699313315366,-2.4069931331536623,0.09058740268931352,0.0767110658406225,0.10668380674940799,0.07682458386683738,0.3333333333333333,0.08840864440078586,0.10018552875695733,consistent,Investigate,Investigate,Investigate,Investigate,Investigate,True,False,8.0,8.0,13.0,13.0,6.0,state,Northeast,,,,,,
PA,942,106.0,362,17.0,580,89.0,193,51.0,923,167,87,70,836,97,823,94,100,73,0.11252653927813164,0.09389955379798602,0.1343009091948419,63.95020945292766,42.04979054707234,24.503170224775168,62.5612470086134,True,False,48.89248579165449,2.1680223102522893,57.10751420834551,0.9798301486199575,0.180931744312026,0.1574354131063354,0.20707294547589822,117.95232383177078,49.047676168229216,27.360562465376802,73.17600484248327,79.35704693517418,17.642953064825818,75.95538241230393,18.044617587696067,0.11421628189550426,0.09425437377363155,0.13776284884400714,0.09425785482123511,0.4811320754716981,0.04696132596685083,0.15344827586206897,consistent,Investigate,Investigate,Investigate,Investigate,Investigate,True,False,9.0,7.0,8.0,4.0,5.0,state,North,,,,,,
SE,332,51.0,140,17.0,192,34.0,58,20.0,331,63,42,31,289,32,281,29,50,34,0.1536144578313253,0.1188096120571808,0.1963434342413791,22.538715008887458,28.461284991112542,16.906076194096567,42.6473051592504,True,False,20.91877671011555,2.438001069887527,30.08122328988445,0.9969879518072289,0.1903323262839879,0.1516878572830273,0.23608210190301115,42.29926239254185,20.70073760745815,7.909418368140186,35.84391333735484,27.433237517063805,4.566762482936195,25.93373324162504,3.0662667583749617,0.10320284697508897,0.07282153562798219,0.1442868132645255,0.1268882175226586,0.39215686274509803,0.12142857142857143,0.17708333333333334,consistent,Investigate,Investigate,Watch,Investigate,Investigate,True,False,11.0,11.0,3.0,3.0,9.0,state,Northeast,,,,,,
SP>RJ,8031,1147.0,2771,126.0,5260,1021.0,1843,694.0,7896,1557,966,784,6930,773,6780,723,1116,834,0.14282156643008342,0.13533989037384586,0.15064477660400855,551.4116358197006,595.5883641802994,535.5030237726555,658.4165650870921,True,False,564.6227740696456,2.031444802930529,582.3772259303544,0.9831901382144191,0.1971884498480243,0.18856068855436134,0.20611070771010656,972.7725179119755,584.2274820880245,516.1026789132617,654.6776301670259,621.5501895963904,151.4498104036096,589.5112859331763,133.48871406682372,0.10663716814159292,0.09951176437494805,0.11420806790909466,0.12234042553191489,0.6050566695727986,0.04547094911584266,0.194106463878327,consistent,Investigate,Investigate,Investigate,Investigate,Investigate,True,False,1.0,1.0,7.0,8.0,1.0,lane,,SP,RJ,Southeast,Southeast,False,False
SP>BA,2275,297.0,725,64.0,1550,233.0,510,125.0,2249,400,235,164,2014,236,1961,230,288,170,0.13054945054945055,0.11732571276566951,0.1450187590301343,156.20239963763154,140.79760036236846,110.7135969042666,173.715277155924,True,False,159.80844659729527,1.8584749825421722,137.19155340270473,0.9885714285714285,0.17785682525566918,0.162606229280343,0.19420603359477515,277.07261813374276,122.92738186625724,88.62879151774862,159.69675142090654,180.63522104576194,55.36477895423806,170.50614037093789,59.493859629062115,0.1172870984191739,0.10378848557710904,0.13228219419116785,0.10449088483770565,0.4208754208754209,0.08827586206896551,0.1503225806451613,consistent,Investigate,Investigate,Investigate,Investigate,Investigate,True,False,2.0,2.0,9.0,10.0,2.0,lane,,SP,BA,Southeast,Northeast,True,False
SP>ES,1443,180.0,468,20.0,975,160.0,329,96.0,1424,204,131,84,1293,120,1250,108,174,96,0.12474012474012475,0.10868147054797651,0.14279145801826573,99.07695062729772,80.92304937270228,57.75041137343239,106.97112329305973,True,False,106.84488872303535,1.6846851744737947,73.15511127696465,0.9868329868329868,0.14325842696629212,0.12602127683986353,0.16241512923063173,175.4341521664961,28.56584783350391,4.020146053469579,55.844991857923496,115.96888818876374,4.031111811236258,108.68570905847646,-0.685709058476462,0.0864,0.07206450534435299,0.10326983000891163,0.09199438202247191,0.5333333333333333,0.042735042735042736,0.1641025641025641,consistent,Investigate,Investigate,Investigate,Investigate,Investigate,True,False,3.0,3.0,11.0,13.0,9.0,lane,,SP,ES,Southeast,Southeast,False,False
SP>SC,2300,222.0,740,51.0,1560,171.0,544,122.0,2268,329,162,123,2106,206,2052,194,216,135,0.09652173913043478,0.08511725374159236,0.10927175558283321,157.91890952375937,64.08109047624063,37.85077408190307,93.40612831675702,True,False,171.79016879890435,1.2922741828135156,50.20983120109565,0.9860869565217392,0.14506172839506173,0.1311683179763075,0.1601554697162782,279.4133828045036,49.58661719549639,18.076362365761845,83.81922251201536,188.88668099422773,17.11331900577227,178.41845999039495,15.58154000960505,0.09454191033138401,0.08262950731563211,0.10796955718882086,0.07142857142857142,0.5495495495495496,0.06891891891891892,0.10961538461538461,consistent,Investigate,Investigate,Investigate,Investigate,Investigate,True,False,5.0,6.0,21.0,24.0,4.0,lane,,SP,SC,Southeast,South,False,False
SP>MA,483,93.0,187,17.0,296,76.0,108,52.0,477,106,74,54,403,52,386,45,91,61,0.19254658385093168,0.15986342475662196,0.2300817111415382,33.16297099998947,59.83702900001053,44.05106315745894,77.96649548137349,True,False,34.31677792032906,2.7100446381041894,58.68322207967094,0.9875776397515528,0.2222222222222222,0.18721579622491777,0.2616670005082596,58.76551305015354,47.23448694984646,30.53642174913224,66.04964619228629,36.1449821655621,15.855017834437902,33.56214695725753,11.437853042742468,0.11658031088082901,0.0882785691729962,0.15243841127483274,0.15513626834381553,0.5591397849462365,0.09090909090909091,0.25675675675675674,consistent,Investigate,Investigate,Investigate,Investigate,Investigate,True,False,6.0,5.0,3.0,3.0,5.0,lane,,SP,MA,Southeast,Northeast,True,False
SP>AL,254,61.0,106,28.0,148,33.0,52,16.0,248,59,51,36,197,23,190,21,58,38,0.24015748031496062,0.1917439706328919,0.29631353337078237,17.439740443058643,43.56025955694136,31.263228097695897,57.823897033120076,True,False,15.590046103999105,3.9127530215803845,45.40995389600089,0.9763779527559056,0.23790322580645162,0.18916099911974713,0.2946412286438822,30.55313886045718,28.44686113954282,16.358788921240105,42.517885843225606,17.66888706356261,5.331112936437389,16.520227776888422,4.479772223111578,0.11052631578947368,0.07343579369027001,0.1630536503099326,0.2056451612903226,0.26229508196721313,0.2641509433962264,0.22297297297297297,consistent,Investigate,Investigate,Investigate,Investigate,Investigate,True,False,8.0,8.0,1.0,1.0,10.0,lane,,SP,AL,Southeast,Northeast,True,False
SP>PA,672,81.0,259,13.0,413,68.0,145,41.0,657,117,67,55,590,62,580,61,77,56,0.12053571428571429,0.0980513247903535,0.14733382679546117,46.13978573911578,34.86021426088422,19.750704520001776,52.86854586743413,True,False,35.88398868527693,2.2572741483789955,45.11601131472307,0.9776785714285714,0.1780821917808219,0.1507243723510503,0.20918261539323346,80.94117835209826,36.05882164790174,18.08473428254178,56.49179996125612,52.9169714086393,9.083028591360701,50.43016900313308,10.56983099686692,0.10517241379310345,0.08275093798364833,0.13278952581774436,0.1019786910197869,0.5061728395061729,0.05019305019305019,0.16464891041162227,consistent,Investigate,Investigate,Investigate,Investigate,Investigate,True,False,9.0,9.0,13.0,6.0,7.0,lane,,SP,PA,Southeast,North,False,False
SP>PE,1122,111.0,362,31.0,760,80.0,263,39.0,1101,169,86,67,1015,102,993,93,108,76,0.09893048128342247,0.08280506490674747,0.1177928585853048,77.03696368941652,33.963036310583476,15.870319135954135,55.12662364329547,True,False,73.79491887864076,1.5041686024825742,37.20508112135924,0.9812834224598931,0.15349682107175294,0.13341242402650788,0.17599075422277244,135.64115276356193,33.358847236438066,11.245926089623246,58.12466763571052,91.0351287792693,10.9648712207307,86.3399272760537,6.6600727239463,0.09365558912386707,0.07706757954602893,0.11337540127188835,0.07811080835603997,0.35135135135135137,0.0856353591160221,0.10526315789473684,consistent,Investigate,Investigate,Investigate,Investigate,Investigate,True,False,10.0,11.0,20.0,20.0,8.0,lane,,SP,PE,Southeast,Northeast,True,False
SP>PI,326,54.0,122,5.0,204,49.0,68,27.0,321,54,41,29,280,25,268,21,53,33,0.1656441717791411,0.1292298311322595,0.20984658218633578,22.38328891510676,31.61671108489324,19.745636034009834,46.026696877638706,True,False,22.971462554775044,2.3507427910276917,31.028537445224956,0.9846625766871165,0.16822429906542055,0.13128096220790034,0.21301455729482524,39.54660312180143,14.453396878198568,2.5945857469345732,28.831069769837466,25.113138973591532,-0.11313897359153202,23.302216022137355,-2.3022160221373547,0.07835820895522388,0.05181984334126907,0.11681322322467744,0.1277258566978193,0.5,0.040983606557377046,0.24019607843137256,consistent,Investigate,Investigate,Investigate,Investigate,Investigate,True,False,11.0,10.0,5.0,5.0,14.0,lane,,SP,PI,Southeast,Northeast,True,False
4a3ca9315b744ce9f8e9374361493884,1673,168.0,794,34.0,879,134.0,381,111.0,1640,278,135,90,1505,188,1476,175,164,103,0.100418410041841,0.08691907711306754,0.11574853766531543,114.86884157967366,53.131158420326344,30.546774430488338,78.77846193439905,True,False,119.76735037710998,1.4027195180574712,48.23264962289002,0.9802749551703527,0.16951219512195123,0.1521302441696908,0.18843876619115574,202.04495052882976,75.95504947117024,47.44864990946313,106.99462602466565,134.98312198305447,53.016878016945526,128.336085256249,46.66391474375101,0.11856368563685638,0.10305341430268028,0.13605426626107095,0.08231707317073171,0.6607142857142857,0.042821158690176324,0.15244596131968147,consistent,Investigate,Investigate,Investigate,Investigate,Investigate,True,False,1.0,2.0,77.0,81.0,2.0,seller,,,,,,,
06a2c3af7b3aee5d69171b0e14f0ee87,388,74.0,0,0.0,388,74.0,52,19.0,383,61,61,40,322,21,312,20,71,41,0.19072164948453607,0.15473639711547998,0.2327709873192449,26.640233432703752,47.35976656729625,33.39748864810248,63.67490964716327,True,False,20.91723119918218,3.5377531230277386,53.08276880081782,0.9871134020618557,0.15926892950391644,0.1260309004913922,0.19927409449112138,47.18488783691573,13.815112163084272,1.0849470512874844,29.13709035318376,28.88010981963026,-7.88010981963026,27.127952980995726,-7.127952980995726,0.0641025641025641,0.04187632995448541,0.09693210572204587,0.15926892950391644,0.25675675675675674,,0.19072164948453607,unverified,Investigate,Investigate,Investigate,Investigate,Investigate,True,False,2.0,1.0,6.0,3.0,32.0,seller,,,,,,,
4869f7a5dfa277a7dca6462dcf3b52b2,1111,118.0,244,13.0,867,105.0,283,87.0,1103,135,91,69,1012,66,987,57,116,78,0.10621062106210621,0.08943066561921376,0.12570437167515106,76.28169933952029,41.71830066047971,23.075770163426203,63.37585759157254,True,False,86.22555524435377,1.3685037998955292,31.77444475564623,0.9927992799279928,0.12239347234814144,0.10435171337410959,0.14305631117934714,135.88754904469465,-0.8875490446946515,-20.78760919305177,21.903562186125246,90.76605943312367,-24.766059433123672,85.81823587257301,-28.818235872573013,0.057750759878419454,0.04483977580652322,0.07409091464010967,0.08250226654578423,0.7372881355932204,0.05327868852459016,0.12110726643598616,consistent,Investigate,Investigate,Investigate,Investigate,Investigate,True,False,3.0,3.0,71.0,93.0,199.0,seller,,,,,,,
1f50f920176fa81dab994f9023523100,1364,124.0,385,18.0,979,106.0,475,83.0,1354,173,93,70,1261,103,1234,95,120,78,0.09090909090909091,0.07677989972031182,0.1073360716129618,93.6527793871338,30.347220612866195,11.075003831371514,52.75362229294608,True,False,119.453559279811,1.0380603202416037,4.546440720188997,0.9926686217008798,0.1277695716395864,0.11103512874563197,0.1466101630136407,166.8102823268509,6.18971767314909,-16.468718005265224,31.69987839361858,113.09881516321043,-10.098815163210432,107.29453198252796,-12.294531982527957,0.07698541329011345,0.063390345267267,0.09320600836057896,0.06868537666174299,0.6693548387096774,0.046753246753246755,0.10827374872318693,consistent,Investigate,Investigate,Investigate,Investigate,Investigate,True,False,4.0,7.0,101.0,158.0,65.0,seller,,,,,,,
8160255418d5aaa7dbdc9f4c64ebda44,355,51.0,10,0.0,345,51.0,157,47.0,348,51,40,30,308,21,299,20,49,31,0.14366197183098592,0.11098641315436114,0.18396684884756653,24.37444038301503,26.62555961698497,15.025736286783173,40.93379095787109,True,False,36.61113432132919,1.3930188437315922,14.388865678670811,0.9802816901408451,0.14655172413793102,0.11325601745038522,0.18756543541493265,42.872952917093144,8.127047082906856,-3.459858844359089,22.399818607303416,27.624452870950684,-6.624452870950684,25.99762160678757,-5.997621606787568,0.06688963210702341,0.04371463537388782,0.10105239550563158,0.11494252873563218,0.9215686274509803,0.0,0.14782608695652175,unverified,Investigate,Investigate,Watch,Investigate,Investigate,True,False,5.0,5.0,21.0,84.0,52.0,seller,,,,,,,
88460e8ebdecbfecb5f9601833981930,227,42.0,0,0.0,227,42.0,94,37.0,220,62,33,25,187,37,179,34,41,28,0.18502202643171806,0.13989726317522522,0.24062995784240354,15.585909766040597,26.414090233959403,16.170768974735527,39.03709066418501,True,False,20.654251788498314,2.033479616210956,21.345748211501686,0.9691629955947136,0.2818181818181818,0.22650784169315483,0.3446171835556316,27.103590924599114,34.89640907540088,22.728134247894946,48.71218945763984,16.7719892430772,20.2280107569228,15.56379353717383,18.43620646282617,0.18994413407821228,0.13922974330961058,0.25368693589467417,0.15,0.8809523809523809,,0.18502202643171806,unverified,Investigate,Investigate,Watch,Investigate,Investigate,True,False,6.0,4.0,7.0,24.0,6.0,seller,,,,,,,
7d13fca15225358621be4086e1eb0964,548,64.0,0,0.0,548,64.0,125,35.0,545,89,57,47,488,42,481,41,64,48,0.11678832116788321,0.09252727680431835,0.14638456411181044,37.625896703921796,26.374103296078204,13.079050984844663,42.59284442935033,True,False,47.47027331393407,1.3482121658906463,16.529726686065928,0.9945255474452555,0.163302752293578,0.13464500094407736,0.19667373582085337,67.14298660866599,21.857013391334007,6.238538905856173,40.044199413699104,43.7686136396881,-1.7686136396880983,41.82226084570174,-0.8222608457017415,0.08523908523908524,0.06345355252487037,0.11359702196496577,0.10458715596330276,0.546875,,0.11678832116788321,unverified,Investigate,Investigate,Watch,Investigate,Investigate,True,False,7.0,6.0,51.0,99.0,18.0,seller,,,,,,,
7c67e1448b00f6e969d365cea6b010ab,963,89.0,401,26.0,562,63.0,250,36.0,951,240,74,57,877,183,865,177,86,63,0.09241952232606439,0.07571168861585237,0.11236615720025017,66.11996081364359,22.880039186356413,6.790395323422238,42.08864857019732,True,False,61.13591279073337,1.45577281727427,27.86408720926663,0.9875389408099688,0.25236593059936907,0.2257928729465733,0.280931520250887,117.16143167860798,122.83856832139202,97.56759049358321,150.00444407998557,78.65793885657061,104.34206114342939,75.21051066846572,101.78948933153428,0.2046242774566474,0.17907329289701227,0.23278718543053392,0.07781282860147214,0.4044943820224719,0.06483790523690773,0.11209964412811388,consistent,Investigate,Investigate,Watch,Investigate,Investigate,True,False,8.0,12.0,98.0,76.0,1.0,seller,,,,,,,
