segment,origin_state,destination_state,origin_region,destination_region,n_delivered,n_late,late_rate,late_rate_lo,late_rate_hi,excess_late,tier,order_check,late_check
SP>BA,SP,BA,Southeast,Northeast,2275,297.0,0.13054945054945055,0.11732571276566951,0.1450187590301343,140.79760036236846,Investigate,2275,297
SP>CE,SP,CE,Southeast,Northeast,958,133.0,0.13883089770354906,0.11837417883457005,0.1621725332519983,67.22334116358198,Watch,958,133
SP>MA,SP,MA,Southeast,Northeast,483,93.0,0.19254658385093168,0.15986342475662196,0.2300817111415382,59.83702900001053,Investigate,483,93
SP>AL,SP,AL,Southeast,Northeast,254,61.0,0.24015748031496062,0.1917439706328919,0.29631353337078237,43.56025955694136,Investigate,254,61
SP>PE,SP,PE,Southeast,Northeast,1122,111.0,0.09893048128342247,0.08280506490674747,0.1177928585853048,33.963036310583476,Investigate,1122,111
SP>PI,SP,PI,Southeast,Northeast,326,54.0,0.1656441717791411,0.1292298311322595,0.20984658218633578,31.61671108489324,Investigate,326,54
SP>SE,SP,SE,Southeast,Northeast,204,34.0,0.16666666666666666,0.12178844641147099,0.2238666467943177,19.993279329196994,Watch,204,34
SP>PB,SP,PB,Southeast,Northeast,332,35.0,0.10542168674698796,0.07678241518451605,0.14308757668601746,12.20474871222256,Watch,332,35
PR>BA,PR,BA,South,Northeast,143,21.0,0.14685314685314685,0.09810081645768931,0.21408253549790818,11.181563451348875,Watch,143,21
MG>BA,MG,BA,Southeast,Northeast,362,36.0,0.09944751381215469,0.07270064663303229,0.1346062536433124,11.144936848869179,Watch,362,36
SP>RN,SP,RN,Southeast,Northeast,328,33.0,0.10060975609756098,0.07253951183198357,0.13792683275587572,10.479390294003014,Watch,328,33
TOTAL,,,,,6787,908.0,,,,442.00189611401964,,6787,908
