segment,n_delivered,n_late,n_h1,late_h1,n_h2,late_h2,n_ep,late_ep,n_rev,n_low,n_rev_early,n_low_early,n_rev_after,n_low_after,n_rev_ontime,n_low_ontime,n_rev_late,n_low_late,late_rate,late_rate_lo,late_rate_hi,expected_late,excess_late,excess_late_lo,excess_late_hi,signal,below_signal,exp_s1,oe_s1,excess_vs_s1,coverage,low_rate,low_rate_lo,low_rate_hi,expected_low,excess_low,excess_low_lo,excess_low_hi,expected_low_after,excess_low_after,expected_low_ontime,excess_low_ontime,early_review_share,episode_late_share,rate_h1,rate_h2,consistency,tier_x10,tier_x20,tier_x30,tier,tier_no_consistency_rule,eligible,low_confidence,rank_excess_late,rank_excess_late_lo,rank_late_rate,rank_oe_s1,rank_excess_low,level
RJ,9555,635.0,4210,182.0,5345,453.0,0,0.0,9402,1344,495,381,8907,963,8788,928,614,416,0.06645735217163788,0.06163528469860319,0.07162787949429389,427.68442215056336,207.31557784943664,161.2407231445901,256.71996641741475,True,False,400.3330832348381,1.586179175772752,234.6669167651619,0.9839874411302982,0.1429483088704531,0.136019001059937,0.15016926509421072,1041.0497201980756,302.95027980192435,237.80092776745212,370.8417102176936,814.1657045322083,148.83429546779166,787.852224078155,140.14777592184498,0.05264837268666241,0.0,0.04323040380047506,0.08475210477081384,consistent,Investigate,Investigate,Investigate,Investigate,Investigate,True,False,1.0,1.0,12.0,12.0,1.0,state
BA,2567,246.0,1096,93.0,1471,153.0,0,0.0,2534,385,198,131,2336,254,2300,252,234,133,0.09583171016751071,0.08504099706710978,0.10783027358998797,114.89962445426438,131.10037554573563,103.40061501700643,161.90068785123472,True,False,109.34167112408264,2.2498284274513725,136.65832887591736,0.9871445266848461,0.15193370165745856,0.13848508284385813,0.1664360366890733,280.58072654562045,104.41927345437955,70.34047338071605,141.1681904244913,213.52768449390803,40.472315506091974,206.19710006597137,45.80289993402863,0.07813733228097869,0.0,0.08485401459854014,0.10401087695445276,consistent,Investigate,Investigate,Investigate,Investigate,Investigate,True,False,2.0,2.0,5.0,5.0,2.0,state
AL,316,61.0,160,36.0,156,25.0,0,0.0,310,63,48,38,262,25,252,22,58,41,0.1930379746835443,0.15331367335814897,0.24013581653816227,14.144246718951127,46.85575328104888,34.30287406222395,61.738671307108156,True,False,11.969593046246395,5.096246778342167,49.030406953753605,0.9810126582278481,0.2032258064516129,0.16219093644969151,0.2515257831596064,34.325187541098,28.674812458901997,15.954002758306366,43.64780523837997,23.948738586217424,1.0512614137825764,22.59203009418469,-0.5920300941846897,0.15483870967741936,0.0,0.225,0.16025641025641027,consistent,Investigate,Investigate,Investigate,Investigate,Investigate,True,False,3.0,3.0,1.0,1.0,4.0,state
PE,1234,102.0,509,45.0,725,57.0,0,0.0,1217,168,81,66,1136,102,1117,93,100,75,0.08265802269043761,0.06855866167001615,0.09934770254136446,55.234178642992696,46.765821357007304,29.367209857807232,67.36088629305105,True,False,50.230039683030846,2.0306573644706583,51.769960316969154,0.986223662884927,0.13804437140509448,0.11980027637182389,0.15856630134005478,134.75404270166538,33.245957298334616,11.042893642844286,58.221146029181284,103.83880547306485,-1.838805473064852,100.14006990160436,-7.140069901604363,0.06655710764174198,0.0,0.08840864440078586,0.07862068965517241,consistent,Investigate,Investigate,Investigate,Investigate,Investigate,True,False,4.0,4.0,7.0,7.0,3.0,state
ES,1542,107.0,669,29.0,873,78.0,0,0.0,1516,168,74,36,1442,132,1417,125,99,43,0.06939040207522698,0.057747624846362915,0.08317333284801995,69.02034316652734,37.97965683347266,20.02649434656428,59.23293608511943,True,False,65.84646879685786,1.6249922274511697,41.15353120314214,0.9831387808041504,0.11081794195250659,0.09598944982148196,0.1276137798761674,167.86123971711152,0.13876028288848374,-22.34123378774488,25.601250575158254,131.80946962337987,0.1905303766201314,127.0353438232528,-2.035343823252802,0.048812664907651716,0.0,0.043348281016442454,0.08934707903780069,consistent,Investigate,Investigate,Investigate,Investigate,Investigate,True,False,5.0,5.0,11.0,11.0,15.0,state
MA,556,54.0,274,23.0,282,31.0,0,0.0,552,86,41,30,511,56,499,52,53,34,0.09712230215827339,0.07520189783150143,0.12457155063065452,24.886712581445654,29.113287418554346,16.92554261286914,44.37506956919826,True,False,23.969829433242573,2.252832050824278,30.030170566757427,0.9928057553956835,0.15579710144927536,0.12793301597591888,0.1884188070668777,61.12097910543903,24.879020894560973,9.4980457132682,42.88620239547746,46.70918098304238,9.29081901695762,44.735805623008574,7.264194376991426,0.07427536231884058,0.0,0.08394160583941605,0.1099290780141844,consistent,Investigate,Investigate,Watch,Investigate,Investigate,True,False,6.0,6.0,4.0,4.0,5.0,state
CE,993,69.0,458,22.0,535,47.0,0,0.0,986,115,59,41,927,74,918,74,68,41,0.06948640483383686,0.05527343722648198,0.08701745323116275,44.446952506071106,24.553047493928894,10.439570659825502,41.961378552473505,True,False,39.780616457197524,1.7345130906717208,29.219383542802476,0.9929506545820745,0.11663286004056796,0.0980692413011452,0.13817208475858045,109.17624166297622,5.823758337023776,-12.479969740047068,27.061433908984093,84.73465904360134,-10.73465904360134,82.29953820024423,-8.299538200244228,0.059837728194726165,0.0,0.048034934497816595,0.08785046728971962,consistent,Investigate,Investigate,Watch,Investigate,Investigate,True,False,7.0,8.0,10.0,10.0,10.0,state
PB,415,41.0,183,21.0,232,20.0,0,0.0,409,54,32,23,377,31,370,30,39,24,0.09879518072289156,0.07366284619355466,0.13128691943469184,18.57551388723012,22.42448611276988,11.994567283095066,35.90855767816699,True,False,16.00636766066837,2.5614805850516107,24.99363233933163,0.9855421686746988,0.13202933985330073,0.10261967795798557,0.16828688055524085,45.287102271964784,8.712897728035216,-3.3156539871486856,23.542231875128724,34.46058949238156,-3.4605894923815583,33.17083783669975,-3.1708378366997465,0.07823960880195599,0.0,0.11475409836065574,0.08620689655172414,consistent,Investigate,Investigate,Watch,Investigate,Investigate,True,False,8.0,7.0,3.0,3.0,9.0,state
PA,749,55.0,362,17.0,387,38.0,0,0.0,739,104,41,31,698,73,687,70,52,34,0.07343124165554073,0.056848463660449766,0.09436725046749386,33.52544554586834,21.474554454131663,9.05405373580854,37.15562505428457,True,False,28.10339780810486,1.9570587291810784,26.89660219189514,0.986648865153538,0.14073071718538566,0.11751282911940723,0.16766438642939277,81.82681804152072,22.173181958479276,5.015162677721222,42.077163529800536,63.802364630457106,9.197635369542894,61.59017728057493,8.409822719425073,0.05548037889039242,0.0,0.04696132596685083,0.09819121447028424,consistent,Investigate,Investigate,Watch,Investigate,Investigate,True,False,9.0,10.0,8.0,8.0,6.0,state
SE,274,31.0,140,17.0,134,14.0,0,0.0,273,44,25,18,248,26,243,25,30,19,0.11313868613138686,0.08085907804007264,0.15611584679713508,12.264315193014586,18.735684806985414,9.89107218996532,30.511426829400428,True,False,11.156950957422808,2.7785369065708276,19.843049042577192,0.9963503649635036,0.16117216117216118,0.12230674267339911,0.209440746347667,30.228310318450824,13.771689681549176,3.161430431387135,26.949013434462266,22.66903499764092,3.330965002359079,21.785171876535237,3.2148281234647627,0.09157509157509157,0.0,0.12142857142857143,0.1044776119402985,consistent,Investigate,Watch,Watch,Watch,Watch,True,False,10.0,9.0,2.0,2.0,7.0,state
PI,378,34.0,163,5.0,215,29.0,0,0.0,373,46,24,15,349,31,339,28,34,18,0.08994708994708994,0.06508057254706369,0.12306415915015513,16.91938373342888,17.08061626657112,7.681072689361195,29.59886842532976,True,False,16.096420873983813,2.112270812634704,17.903579126016187,0.9867724867724867,0.12332439678284182,0.0937447836066315,0.16058354619185997,41.3009514607405,4.6990485392595005,-6.334147175466954,18.596711268823267,31.901182315228553,-0.901182315228553,30.39165953146274,-2.3916595314627394,0.064343163538874,0.0,0.03067484662576687,0.13488372093023257,inconsistent,Watch,Watch,Watch,Watch,Watch,True,False,11.0,11.0,6.0,6.0,12.0,state
SC,2748,139.0,1173,73.0,1575,66.0,0,0.0,2719,291,99,66,2620,225,2585,218,134,73,0.05058224163027657,0.04299786927318547,0.059421351833206945,123.00123412556233,15.998765874437666,-4.843089362848665,40.288640712090356,False,False,121.15144888553367,1.1473242893803937,17.848551114466332,0.9894468704512372,0.10702464141228393,0.09595406036614611,0.11920406311653046,301.0651126588564,-10.065112658856378,-40.16602252330509,23.050734954989977,239.48738586217422,-14.487385862174222,231.7476102915374,-13.747610291537399,0.036410445016550205,0.0,0.06223358908780904,0.0419047619047619,inconsistent,Watch,No Signal,No Signal,No Signal,No Signal,True,False,12.0,15.0,14.0,14.0,20.0,state
RN,368,27.0,158,13.0,210,14.0,0,0.0,365,40,21,15,344,25,339,23,26,17,0.07336956521739131,0.05091093762887567,0.10464314986889822,16.471780989158276,10.528219010841724,2.263444058267972,22.03689816259627,True,False,14.327736076250188,1.8844568225091398,12.672263923749812,0.9918478260869565,0.1095890410958904,0.08151770826864917,0.14579258133047146,40.41514016935733,-0.4151401693573291,-10.66117665130038,12.799152016264756,31.444145319308372,-6.444145319308372,30.39165953146274,-7.391659531462739,0.057534246575342465,0.0,0.08227848101265822,0.06666666666666667,consistent,Investigate,Watch,Watch,Watch,Watch,True,False,13.0,12.0,9.0,9.0,16.0,state
MS,536,28.0,212,3.0,324,25.0,0,0.0,524,57,19,11,505,46,496,43,28,14,0.05223880597014925,0.036386656029562287,0.07446340530403786,23.991507092904442,4.008492907095558,-4.488259461059058,15.92087815005985,False,False,23.84016910212426,1.1744883134031578,4.1598308978757395,0.9776119402985075,0.10877862595419847,0.08491163999669121,0.1383399762821363,58.02063958559791,-1.0206395855979125,-13.52694022733172,14.469507986241501,46.16073658793816,-0.16073658793816037,44.466852883792086,-1.466852883792086,0.03625954198473282,0.0,0.014150943396226415,0.07716049382716049,inconsistent,No Signal,No Signal,No Signal,No Signal,No Signal,True,False,14.0,14.0,13.0,13.0,17.0,state
RR,30,3.0,16,2.0,14,1.0,0,0.0,30,3,3,2,27,1,27,1,3,2,0.1,0.03459988874733419,0.25621082579184085,1.3428082328118158,1.6571917671881842,-0.3048115703917902,6.343516540943409,False,False,0.7984328438471141,3.7573604632106634,2.201567156152886,1.0,0.1,0.03459988874733419,0.25621082579184085,3.3217923426869036,-0.3217923426869036,-2.283795680266878,4.364532431068321,2.4679997779689713,-1.4679997779689713,2.4205746529483596,-1.4205746529483596,0.1,0.0,0.125,0.07142857142857142,unverified,Insufficient Data,Insufficient Data,Insufficient Data,Insufficient Data,Insufficient Data,False,False,,,,,,state
TO,217,10.0,99,2.0,118,8.0,0,0.0,216,18,6,3,210,15,206,15,10,3,0.04608294930875576,0.02522108315160973,0.08273626755603758,9.712979550672134,0.28702044932786563,-4.240004506772824,8.24079050898802,False,False,8.943690195462393,1.1181067077964673,1.056309804537607,0.9953917050691244,0.08333333333333333,0.05336073606909698,0.12786740458470663,23.916904867345707,-5.916904867345707,-12.390985876420759,3.702454522950928,19.195553828647554,-4.195553828647554,18.468088092865262,-3.468088092865262,0.027777777777777776,0.0,0.020202020202020204,0.06779661016949153,inconsistent,No Signal,No Signal,No Signal,No Signal,No Signal,True,False,15.0,13.0,15.0,15.0,19.0,state
AP,56,2.0,20,2.0,36,0.0,0,0.0,55,2,1,0,54,2,53,2,2,0,0.03571428571428571,0.00984942514823639,0.12118780180490107,2.5065753679153895,-0.5065753679153895,-1.9550075596141516,4.279941533159071,False,False,1.9662600497601836,1.0171594546936615,0.03373995023981635,0.9821428571428571,0.03636363636363636,0.01002954128933356,0.12323463974651017,6.089952628259323,-4.089952628259323,-5.538327857345977,0.687952557798736,4.935999555937943,-2.9359995559379426,4.7514983928245575,-2.7514983928245575,0.01818181818181818,0.0,0.1,0.0,unverified,Insufficient Data,Insufficient Data,Insufficient Data,Insufficient Data,Insufficient Data,False,False,,,,,,state
AC,70,2.0,43,1.0,27,1.0,0,0.0,70,11,4,3,66,8,68,9,2,2,0.02857142857142857,0.007870611945441225,0.09832256118423902,3.133219209894237,-1.133219209894237,-2.582276373713351,3.749360073002494,False,False,2.678510482916615,0.7466836559930918,-0.6785104829166149,1.0,0.15714285714285714,0.09007620559861788,0.2598824657684222,7.750848799602775,3.2491512003972254,-1.445514407699523,10.44092380418678,6.032888346146374,1.9671116538536264,6.09626208890698,2.90373791109302,0.05714285714285714,0.0,0.023255813953488372,0.037037037037037035,unverified,Insufficient Data,Insufficient Data,Insufficient Data,Insufficient Data,Insufficient Data,False,False,,,,,,state
AM,119,1.0,57,1.0,62,0.0,0,0.0,117,14,2,1,115,13,116,13,1,1,0.008403361344537815,0.0014849430400896285,0.04606788543307778,5.3264726568202025,-4.3264726568202025,-5.149764435049537,0.15560570971605267,False,False,4.05764062140425,0.2464486368568354,-3.05764062140425,0.9831932773109243,0.11965811965811966,0.07263149376675573,0.19086630848951155,12.954990136478923,1.0450098635210772,-4.457105365768503,9.376367956793928,10.511850906164137,2.4881490938358635,10.39950591637073,2.60049408362927,0.017094017094017096,0.0,0.017543859649122806,0.0,inconsistent,No Signal,No Signal,No Signal,No Signal,No Signal,True,False,16.0,16.0,24.0,24.0,13.0,state
RO,200,4.0,106,3.0,94,1.0,0,0.0,199,21,3,2,196,19,195,19,4,2,0.02,0.0078044264163494685,0.050287086905826436,8.952054885412105,-4.952054885412105,-7.391169602142211,1.1053624957531816,False,False,7.511666691166077,0.5325049904975294,-3.511666691166077,0.995,0.10552763819095477,0.0700631887478877,0.15593330667870367,22.03455587315646,-1.0345558731564601,-8.091981312326809,8.99617215590557,17.915850240071048,1.0841497599289518,17.481928049071488,1.5180719509285119,0.01507537688442211,0.0,0.02830188679245283,0.010638297872340425,inconsistent,No Signal,No Signal,No Signal,No Signal,No Signal,True,False,17.0,17.0,23.0,22.0,18.0,state
MT,693,23.0,287,11.0,406,12.0,0,0.0,685,81,16,10,669,71,663,70,22,11,0.03318903318903319,0.02221581320064859,0.04930900523516,31.018870177952945,-8.018870177952945,-15.623311629903474,3.152270450012933,False,False,27.848708896024327,0.8258910704217054,-4.848708896024327,0.9884559884559885,0.11824817518248175,0.09616987023064963,0.14458430723221233,75.8475918246843,5.152408175315699,-9.971230716689302,23.192658629381146,61.151550054120065,9.848449945879935,59.438555366843055,10.561444633156945,0.02335766423357664,0.0,0.03832752613240418,0.029556650246305417,inconsistent,No Signal,No Signal,No Signal,No Signal,No Signal,True,False,18.0,18.0,19.0,18.0,11.0,state
GO,1510,57.0,639,19.0,871,38.0,0,0.0,1490,178,38,31,1452,147,1435,142,55,36,0.03774834437086093,0.029249280866650965,0.048593387620242276,67.5880143848614,-10.588014384861395,-23.42160027621844,5.788000921704438,False,False,67.47248197232605,0.8447888433002753,-10.472481972326051,0.9867549668874173,0.11946308724832215,0.10396557178243676,0.13691772724232668,164.98235302011622,13.017646979883779,-10.073651064285434,39.02506057095054,132.72354361522022,14.276456384779777,128.6490602585517,13.350939741448286,0.025503355704697986,0.0,0.0297339593114241,0.04362801377726751,inconsistent,No Signal,No Signal,No Signal,No Signal,No Signal,True,False,19.0,19.0,16.0,17.0,8.0,state
DF,1600,53.0,595,14.0,1005,39.0,0,0.0,1579,175,44,33,1535,142,1526,138,53,37,0.033125,0.025413628822196506,0.04307285294106996,71.61643908329684,-18.61643908329684,-30.954632967782437,-2.69987437758491,False,True,72.1801287048312,0.7342741132637045,-19.180128704831205,0.986875,0.11082963901203294,0.09628032024989759,0.12726794281134787,174.83700363675402,0.16299636324598055,-22.810377962165724,26.11907806236427,140.3103577474952,1.6896422525047967,136.8072933481184,1.1927066518815934,0.02786573780873971,0.0,0.023529411764705882,0.03880597014925373,inconsistent,No Signal,No Signal,No Signal,No Signal,No Signal,True,False,20.0,20.0,20.0,20.0,14.0,state
RS,4148,147.0,1903,49.0,2245,98.0,0,0.0,4114,404,112,68,4002,336,3973,325,141,79,0.03543876567020251,0.030228368725670682,0.04150882590827236,185.66561832344706,-38.66561832344706,-60.278344849365084,-13.487008455933326,False,True,165.00214403769832,0.8908975144372346,-18.002144037698315,0.9918032786885246,0.09820126397666505,0.0894791488010237,0.10767304050477752,455.5284565937974,-51.52845659379739,-87.41123842638586,-12.561567957142639,365.81241153451197,-29.812411534511966,356.18307763569754,-31.183077635697543,0.027224112785610113,0.0,0.025748817656332107,0.04365256124721604,inconsistent,No Signal,No Signal,No Signal,No Signal,No Signal,True,False,21.0,21.0,18.0,16.0,21.0,state
PR,3834,88.0,1567,25.0,2267,63.0,0,0.0,3802,362,69,32,3733,330,3718,326,84,36,0.022952529994783515,0.01866821524189243,0.02819183897096618,171.61089215335008,-83.61089215335008,-100.03695491593449,-63.52338153866574,False,True,170.0108404643618,0.5176140519018658,-82.01084046436179,0.9916536254564423,0.09521304576538664,0.08628777524245129,0.10495546667814842,420.98181622985356,-58.981816229853564,-92.91569475805376,-21.941131919533266,341.22382115400626,-11.22382115400626,333.32209480229636,-7.322094802296363,0.018148342977380327,0.0,0.01595405232929164,0.027790030877812087,inconsistent,No Signal,No Signal,No Signal,No Signal,No Signal,True,False,22.0,22.0,22.0,23.0,22.0,state
MG,8751,212.0,3649,54.0,5102,158.0,0,0.0,8664,890,153,98,8511,792,8455,777,209,113,0.02422580276539824,0.02120719783872565,0.02766192912754676,391.6971615112067,-179.69716151120667,-206.11297322451853,-149.627619716045,False,True,394.1001532195526,0.5379343252421805,-182.10015321955262,0.9900582790538224,0.10272391505078486,0.09650622435160974,0.1092937394912217,959.3336285679777,-69.33362856797771,-123.20370078563093,-12.4126696160329,777.9683744553301,14.03162554466985,757.9984700251252,19.001529974874757,0.017659279778393353,0.0,0.014798574952041656,0.030968247745981968,inconsistent,No Signal,No Signal,No Signal,No Signal,No Signal,True,False,23.0,23.0,21.0,21.0,23.0,state
SP,31898,1142.0,11877,376.0,20021,766.0,0,0.0,31577,3127,747,479,30830,2648,30458,2567,1119,560,0.03580161765627939,0.03381794745394187,0.037897080713754014,1427.7632336743768,-285.7632336743768,-349.03834578853895,-218.9221530670512,False,True,1518.2755486810652,0.7521691309539049,-376.2755486810652,0.9899366731456518,0.09902777337935839,0.0957818307537632,0.10237126364622295,3496.407893500812,-369.40789350081195,-471.9050237892311,-263.8305013440295,2818.090116843829,-170.09011684382904,2730.5875103518943,-163.58751035189425,0.023656458814960257,0.0,0.03165782605034941,0.03825982718145947,inconsistent,No Signal,No Signal,No Signal,No Signal,No Signal,True,False,24.0,24.0,17.0,19.0,24.0,state
