variant,units,n_on_time,n_late,mean_on,mean_on_lo,mean_on_hi,mean_late,mean_late_lo,mean_late_hi,mean_diff,mean_diff_lo,mean_diff_hi,cohens_d,cohens_d_lo,cohens_d_hi,low_on,low_on_lo,low_on_hi,low_late,low_late_lo,low_late_hi,low_diff,low_diff_lo,low_diff_hi,risk_ratio,risk_ratio_lo,risk_ratio_hi,odds_ratio,odds_ratio_lo,odds_ratio_hi,cliffs_delta,cliffs_delta_lo,cliffs_delta_hi,prob_superiority,prob_superiority_lo,prob_superiority_hi,design_effect_ratio_low_diff
P0 primary: one review row,orders,88687,6350,4.2919593627025385,4.284382005459239,4.299421328501416,2.272755905511811,2.2329174783736727,2.314081481594965,-2.0192034571907276,-2.0597661786405514,-1.977223991513062,-1.7102710071445568,-1.749991137067126,-1.6722943213918875,0.09229086562855886,0.09030234941883764,0.09420850211952159,0.6236220472440945,0.6110241888437378,0.635319971509689,0.5313311816155357,0.5185516558138535,0.5431388331737192,6.757137263767503,6.559397883840865,6.948780414206432,16.296159675700274,15.369122976401739,17.187287930917083,0.6376335549360579,0.625466818774087,0.6500557024612847,0.818816777468029,0.8127334093870435,0.8250278512306424,0.9988611864027492
P1: reviews created before delivery removed,orders,88478,1625,4.292875064987906,4.2854895901164625,4.30033780988753,3.5298461538461536,3.458449497310809,3.601030278268095,-0.7630289111417525,-0.8349629785729908,-0.6906449871590856,-0.6613369921005473,-0.7252926249791284,-0.5984791092460077,0.09206808472162571,0.0900553790585227,0.09392308095030616,0.25046153846153846,0.23052765546327778,0.2715998719364976,0.15839345373991276,0.13833692721223526,0.179001021021408,2.7203947949914067,2.490150552415219,2.9518461448146187,3.2952722018563514,2.9385417134587373,3.6829938270859137,0.302304684171815,0.27577313388935876,0.329147120603987,0.6511523420859076,0.6378865669446795,0.6645735603019934,0.9724192751831711
P1b: reviews created on or before delivery day removed,orders,85923,1045,4.2924478893893365,4.284624146063091,4.300053478854681,3.782775119617225,3.7049954997386494,3.8617782943067036,-0.5096727697721115,-0.5884255941032072,-0.42962155892643644,-0.4433816404397221,-0.5131548476491542,-0.3743965462500702,0.09211736089289248,0.09018209602296952,0.09407941286357971,0.18277511961722487,0.1588343100398054,0.2052328279351749,0.09065775872433239,0.067051021574216,0.11335883578287122,1.984154971935668,1.727238318575865,2.2375255376774827,2.2042645733873223,1.864734716977667,2.554653906106611,0.2278718561132987,0.19659326020116172,0.26069525744694133,0.6139359280566493,0.5982966301005809,0.6303476287234706,0.969791334171111
Multi-review rule: lowest score per order,orders,89182,6378,4.289419389562917,4.281634798815323,4.296605270031313,2.2698338037002195,2.233462627633924,2.311428577451292,-2.019585585862697,-2.056634179202163,-1.9782957388532747,-1.707638802947484,-1.7449538669712021,-1.6691171639676603,0.09286627346325492,0.09104227042249509,0.09472870931817888,0.6246472248353716,0.6118536303825616,0.6365510165321687,0.5317809513721167,0.5191584661782848,0.5436501699996854,6.72630871833713,6.53745325447962,6.912578124176099,16.255804931309196,15.303395152812701,17.159554332296974,0.6377461266909805,0.6258952976626162,0.6493299852321468,0.8188730633454903,0.8129476488313082,0.8246649926160734,0.9984521100128475
Multi-review rule: highest score per order,orders,89182,6378,4.293299096230181,4.285722820761682,4.300945717604209,2.2740671056757606,2.2327172044981056,2.3147447206670577,-2.0192319905544207,-2.0606649865106577,-1.9797200267588781,-1.7118238273558635,-1.7511160218332502,-1.6741172729125087,0.09201408355946267,0.08999489141644233,0.09390750439841253,0.6230793352148009,0.6107420174056343,0.6352972224024319,0.5310652516553382,0.5190902223743324,0.5435077810486233,6.771564863895488,6.59203244378033,6.965592898893273,16.31241293757297,15.453585808797168,17.30501682459269,0.6378460681828294,0.6260371527420135,0.6500998606830549,0.8189230340914148,0.8130185763710068,0.8250499303415274,1.0316995968212692
Multi-review rule: mean score per order,orders,89182,6378,4.291361111734057,4.284125576404692,4.299140965159665,2.27195045468799,2.236583243358842,2.309146384430421,-2.019410657046067,-2.057182271971944,-1.9814070589536803,-1.7112709327160132,-1.7474104107000799,-1.6743163430913293,0.09211500078491175,0.090157516341059,0.09402355832238904,0.623549702100972,0.6120260397552334,0.6350681511821166,0.5314347013160603,0.5196583284578568,0.5433324248086361,6.769252529856225,6.592052877781366,6.956647922764786,16.32540301350396,15.470455412601648,17.254436684795376,,,,,,,0.9890540704546537
Multi-review rule: earliest-dated review (orders with distinct dates),orders,89030,6375,4.291227676064248,4.283976206541443,4.298179246523922,2.2735686274509805,2.235113720480011,2.3123428458576933,-2.0176590486132677,-2.05563143093283,-1.9789241086720915,-1.7080248341888713,-1.744377931635976,-1.6707953537592002,0.09247444681568011,0.09055944966123407,0.09447009079517363,0.6235294117647059,0.6118280350357926,0.6358480402773068,0.5310549649490258,0.519099863110039,0.5432422324191144,6.742721186616271,6.5515712610442165,6.952433481268227,16.254103151949472,15.362614895102649,17.232793018667866,0.6373515655661344,0.6253514408737457,0.6492132053459605,0.8186757827830672,0.8126757204368729,0.8246066026729802,0.9935588411448892
Multi-review rule: latest-dated review (orders with distinct dates; comparison only),orders,89030,6375,4.290755924969112,4.283293184032668,4.298167421833761,2.271529411764706,2.2304966649272555,2.3134736352603853,-2.019226513204406,-2.0599257394517627,-1.9761001455642961,-1.7090274468321416,-1.7469868296074909,-1.6683065481167045,0.09251937549140739,0.0906177375711274,0.09448941830058422,0.6238431372549019,0.6113643305206684,0.6365766508462627,0.5313237617634945,0.5185993569850152,0.5438443319613767,6.74283774551462,6.547348698063304,6.939737960694571,16.26713537433515,15.357315969873502,17.2375067673201,0.6377578212235135,0.62442866940463,0.6503124909992658,0.8188789106117568,0.812214334702315,0.8251562454996328,1.0341424807203639
Multi-review rule: every review row as a unit,review rows,89681,6406,4.290730478027676,4.283089286734639,4.298243163107562,2.271152044957852,2.233637122915044,2.3058703388901676,-2.019578433069824,-2.059127748939272,-1.983285374601761,-1.7091069443902773,-1.7478349877148145,-1.6739357415635392,0.09259486401801942,0.09068015148879473,0.09460198965440784,0.6241024039962535,0.6132686801514732,0.6357760525171475,0.5315075399782341,0.5205105665769584,0.5431762598314899,6.74014061811031,6.552340310897668,6.933596486669011,16.270490365288474,15.459809489325657,17.23364531340844,0.6379458620396157,0.6268660366233453,0.6497725053377048,0.8189729310198078,0.8134330183116727,0.8248862526688525,0.9979468080154833
