purchase_month,is_late,n,sum_score,n_low,low_share,low_share_lo,low_share_hi,mean_score
2017-01-01,False,714,3041.0,74,0.10364145658263306,0.08336512535153805,0.12815993628274944,4.259103641456583
2017-01-01,True,21,41.0,15,0.7142857142857143,0.5004361928391441,0.8618613704787788,1.9523809523809523
2017-02-01,False,1593,6780.0,153,0.096045197740113,0.08253232667633936,0.11150162522864157,4.256120527306968
2017-02-01,True,42,90.0,29,0.6904761904761905,0.5397400606391092,0.8092889714120513,2.142857142857143
2017-03-01,False,2399,10256.0,215,0.08962067528136723,0.07883701278946455,0.10171649698459347,4.27511463109629
2017-03-01,True,113,270.0,66,0.584070796460177,0.49189396125761925,0.6707195510330615,2.3893805309734515
2017-04-01,False,2138,9094.0,207,0.09681945743685688,0.08499829207488291,0.11008685631455914,4.253507951356408
2017-04-01,True,146,359.0,86,0.589041095890411,0.5079474551593639,0.6655692751543243,2.458904109589041
2017-05-01,False,3382,14485.0,302,0.0892962743938498,0.08014544830837789,0.09937904101381514,4.282968657599054
2017-05-01,True,99,271.0,49,0.494949494949495,0.39850799791397756,0.5917682971574147,2.7373737373737375
2017-06-01,False,2988,12784.0,277,0.0927041499330656,0.08282186991762025,0.10363234782711972,4.278447121820616
2017-06-01,True,92,224.0,52,0.5652173913043478,0.463322463819783,0.661884311490788,2.4347826086956523
2017-07-01,False,3700,15983.0,309,0.08351351351351351,0.07502530499728995,0.09286564436820717,4.31972972972973
2017-07-01,True,103,230.0,66,0.6407766990291263,0.5446011395690534,0.7268290741335602,2.233009708737864
2017-08-01,False,4004,17471.0,324,0.08091908091908091,0.07286824563276435,0.08977328236133404,4.363386613386614
2017-08-01,True,119,315.0,63,0.5294117647058824,0.4402213212698429,0.6167626975394547,2.6470588235294117
2017-09-01,False,3915,17002.0,326,0.08326947637292464,0.07501800128579801,0.09233795473138108,4.3427841634738185
2017-09-01,True,177,459.0,94,0.5310734463276836,0.4576778378059306,0.603148922118112,2.593220338983051
2017-10-01,False,4239,18123.0,392,0.09247464024534088,0.08411894062768098,0.10156828489492341,4.275300778485492
2017-10-01,True,179,456.0,97,0.5418994413407822,0.4687949373621651,0.6132433492318505,2.547486033519553
2017-11-01,False,6303,26719.0,622,0.09868316674599398,0.09156313168402488,0.10629208109851207,4.239092495636998
2017-11-01,True,882,1939.0,570,0.6462585034013606,0.6141319561224539,0.6771165482583088,2.1984126984126986
2017-12-01,False,5036,21379.0,510,0.10127084988085783,0.09324015966626897,0.10990937731544984,4.245234312946783
2017-12-01,True,399,842.0,274,0.6867167919799498,0.6396075321500233,0.730265023758678,2.110275689223058
2018-01-01,False,6579,27858.0,679,0.10320717434260526,0.09608583901339832,0.11079161160420567,4.234382124943
2018-01-01,True,394,795.0,276,0.700507614213198,0.6535216636807464,0.7436214607898737,2.017766497461929
2018-02-01,False,5521,23194.0,589,0.10668357181669988,0.09881216978453046,0.11510192487855227,4.2010505343234925
2018-02-01,True,903,1732.0,652,0.7220376522702104,0.6919240772954367,0.7502700858623463,1.9180509413067552
2018-03-01,False,5620,23685.0,587,0.10444839857651246,0.09672069134377101,0.11271648206255128,4.2144128113879
2018-03-01,True,1291,2673.0,874,0.6769945778466305,0.6509935790648945,0.7019453826024459,2.0704879938032534
2018-04-01,False,6444,27696.0,607,0.09419615145872129,0.08730406654502335,0.1015717714541691,4.297951582867784
2018-04-01,True,297,663.0,186,0.6262626262626263,0.569957650864629,0.6793430947639884,2.2323232323232323
2018-05-01,False,6277,27240.0,518,0.08252349848653816,0.07596908659984133,0.08958858041631312,4.339652700334555
2018-05-01,True,437,1205.0,204,0.4668192219679634,0.4205361461503249,0.5136805673194594,2.757437070938215
2018-06-01,False,5995,25961.0,563,0.0939115929941618,0.08678531021250471,0.10155796683132778,4.330442035029191
2018-06-01,True,71,164.0,43,0.6056338028169014,0.48935768499400845,0.711065987077071,2.3098591549295775
2018-07-01,False,5897,25768.0,491,0.08326267593691708,0.07647957150538269,0.0905883739224747,4.369679498049856
2018-07-01,True,200,551.0,100,0.5,0.43136085960389187,0.5686391403961082,2.755
2018-08-01,False,5943,26122.0,440,0.0740366818105334,0.06765150265485284,0.08097217681279634,4.3954231869426215
2018-08-01,True,385,1153.0,164,0.42597402597402595,0.37755040181496957,0.4758602911371821,2.994805194805195
