assumption_missing_late,assumption_missing_on_time,low_share_late,low_share_on_time,low_diff_pp
same as reviewed late orders,same as reviewed on-time orders,0.6236220472440945,0.09229086562855887,53.13311816155357
same as reviewed late orders,none low-scored,0.6236220472440945,0.09178375590118529,53.183829134290924
same as reviewed late orders,all low-scored,0.6236220472440945,0.09727844623613711,52.63436010079574
none low-scored,same as reviewed on-time orders,0.6089497155159157,0.09229086562855887,51.66588498873568
none low-scored,none low-scored,0.6089497155159157,0.09178375590118529,51.71659596147305
none low-scored,all low-scored,0.6089497155159157,0.09727844623613711,51.167126927977854
all low-scored,same as reviewed on-time orders,0.6324773181608488,0.09229086562855887,54.01864525322899
all low-scored,none low-scored,0.6324773181608488,0.09178375590118529,54.06935622596636
all low-scored,all low-scored,0.6324773181608488,0.09727844623613711,53.519887192471174
