category_g,n,events
bed_bath_table,8860,1369
health_beauty,8441,946
sports_leisure,7347,815
other_category,7129,849
computers_accessories,6385,917
furniture_decor,5961,858
housewares,5564,623
watches_gifts,5400,727
telephony,4031,561
auto,3732,469
toys,3693,407
cool_stuff,3449,362
garden_tools,3343,379
perfumery,3010,345
baby,2678,355
electronics,2473,321
stationery,2211,212
fashion_bags_accessories,1770,175
pet_shop,1659,170
unknown,1314,211
office_furniture,1219,261
luggage_accessories,1000,78
consoles_games,993,108
mixed,763,323
construction_tools_construction,713,91
home_appliances,708,79
musical_instruments,597,68
small_appliances,594,66
