left_out_month,odds_ratio,or_lo,or_hi
2017-01,17.45545069825724,16.4187577121742,18.557601276579238
2017-02,17.440259779123362,16.40194166740346,18.544308188084116
2017-03,17.565645078521765,16.514516157579106,18.683677080238912
2017-04,17.545350915843613,16.49219757267793,18.665756179763537
2017-05,17.705022228545673,16.643913497123084,18.833780418738634
2017-06,17.570164024349054,16.51898312041239,18.688236533219666
2017-07,17.357666813528873,16.319040926205748,18.46239607902819
2017-08,17.567938042516733,16.512471128252084,18.690869747390536
2017-09,17.640376778069182,16.576299681014685,18.772759835456476
2017-10,17.584868024848312,16.5248047423811,18.71293417817264
2017-11,17.291514460797536,16.198580160730156,18.458190124145613
2017-12,17.26420507040816,16.2089891747298,18.38811621749851
2018-01,17.111754098722592,16.064996214057935,18.226716298813656
2018-02,16.663719812049777,15.616617612863859,17.781030749306915
2018-03,16.98235211643493,15.890590663618168,18.149122931401177
2018-04,17.301318548288613,16.25155298793306,18.418893488617073
2018-05,18.08083165348281,16.96578839577062,19.26915894831522
2018-06,17.35195555919832,16.31669793698392,18.45289793873875
2018-07,17.68262384812531,16.611103753474673,18.823263691245394
2018-08,18.02256541294912,16.909339012714973,19.20908107760965
